CourseID,CourseName,CourseCoordinatorID,CourseDescription,CoursePrice,StudentLimit
1,Tworzenie Aplikacji Webowych: React i An,13,Kurs Tworzenie Aplikacji Webowych: React i Angular obejmuje wszystkie podstawowe i zaawansowane kwestie oraz zapewnia praktyczne doswiadczenie z projektami z prawdziwego swiata. Kurs prowadzony jest przez ekspertów branzowych i jest odpowiedni zarówno dla,520.0000,25
2,Statystyka: Narzedzia Analizy Danych,513,Kurs Statystyka: Narzedzia Analizy Danych obejmuje wszystkie podstawowe i zaawansowane kwestie oraz zapewnia praktyczne doswiadczenie z projektami z prawdziwego swiata. Kurs prowadzony jest przez ekspertów branzowych i jest odpowiedni zarówno dla poczatku,1240.0000,26
3,Programowanie Funkcyjne: Haskell i Erlan,828,Kurs Programowanie Funkcyjne: Haskell i Erlang obejmuje wszystkie podstawowe i zaawansowane kwestie oraz zapewnia praktyczne doswiadczenie z projektami z prawdziwego swiata. Kurs prowadzony jest przez ekspertów branzowych i jest odpowiedni zarówno dla poc,649.0000,30
4,FinTech: Przyszlosc Finansów,531,"Kurs FinTech: Przyszlosc Finansów obejmuje wszystkie podstawowe i zaawansowane kwestie oraz zapewnia praktyczne doswiadczenie z projektami z prawdziwego swiata. Kurs prowadzony jest przez ekspertów branzowych i jest odpowiedni zarówno dla poczatkujacych, ",1599.0000,18
5,Wprowadzenie do DevOps,926,"Kurs Wprowadzenie do DevOps obejmuje wszystkie podstawowe i zaawansowane kwestie oraz zapewnia praktyczne doswiadczenie z projektami z prawdziwego swiata. Kurs prowadzony jest przez ekspertów branzowych i jest odpowiedni zarówno dla poczatkujacych, jak i ",1489.0000,18
6,Tworzenie Aplikacji Mobilnych,137,"Kurs Tworzenie Aplikacji Mobilnych obejmuje wszystkie podstawowe i zaawansowane kwestie oraz zapewnia praktyczne doswiadczenie z projektami z prawdziwego swiata. Kurs prowadzony jest przez ekspertów branzowych i jest odpowiedni zarówno dla poczatkujacych,",415.0000,53
7,Tworzenie Aplikacji E-commerce: Magento ,120,Kurs Tworzenie Aplikacji E-commerce: Magento i Shopify obejmuje wszystkie podstawowe i zaawansowane kwestie oraz zapewnia praktyczne doswiadczenie z projektami z prawdziwego swiata. Kurs prowadzony jest przez ekspertów branzowych i jest odpowiedni zarówno,579.0000,20
8,Programowanie w Erlangu,203,"Kurs Programowanie w Erlangu obejmuje wszystkie podstawowe i zaawansowane kwestie oraz zapewnia praktyczne doswiadczenie z projektami z prawdziwego swiata. Kurs prowadzony jest przez ekspertów branzowych i jest odpowiedni zarówno dla poczatkujacych, jak i",680.0000,26
9,Ekonomia: Wprowadzenie do Makro i Mikroe,203,Kurs Ekonomia: Wprowadzenie do Makro i Mikroekonomii obejmuje wszystkie podstawowe i zaawansowane kwestie oraz zapewnia praktyczne doswiadczenie z projektami z prawdziwego swiata. Kurs prowadzony jest przez ekspertów branzowych i jest odpowiedni zarówno d,1070.0000,20
10,Tworzenie Aplikacji SPA: Single Page App,961,Kurs Tworzenie Aplikacji SPA: Single Page Applications obejmuje wszystkie podstawowe i zaawansowane kwestie oraz zapewnia praktyczne doswiadczenie z projektami z prawdziwego swiata. Kurs prowadzony jest przez ekspertów branzowych i jest odpowiedni zarówno,459.0000,19
11,Tworzenie Aplikacji Finansowych: Bloombe,961,Kurs Tworzenie Aplikacji Finansowych: Bloomberg i Reuters obejmuje wszystkie podstawowe i zaawansowane kwestie oraz zapewnia praktyczne doswiadczenie z projektami z prawdziwego swiata. Kurs prowadzony jest przez ekspertów branzowych i jest odpowiedni zaró,465.0000,21
12,Tworzenie Aplikacji w Elixirze,269,Kurs Tworzenie Aplikacji w Elixirze obejmuje wszystkie podstawowe i zaawansowane kwestie oraz zapewnia praktyczne doswiadczenie z projektami z prawdziwego swiata. Kurs prowadzony jest przez ekspertów branzowych i jest odpowiedni zarówno dla poczatkujacych,895.0000,
13,Informatyka Zdrowotna: Technologie Medyc,728,Kurs Informatyka Zdrowotna: Technologie Medyczne obejmuje wszystkie podstawowe i zaawansowane kwestie oraz zapewnia praktyczne doswiadczenie z projektami z prawdziwego swiata. Kurs prowadzony jest przez ekspertów branzowych i jest odpowiedni zarówno dla p,799.0000,18
14,Inzynieria Chemiczna: Procesy i Material,605,Kurs Inzynieria Chemiczna: Procesy i Materialy obejmuje wszystkie podstawowe i zaawansowane kwestie oraz zapewnia praktyczne doswiadczenie z projektami z prawdziwego swiata. Kurs prowadzony jest przez ekspertów branzowych i jest odpowiedni zarówno dla poc,1245.0000,30
15,Tworzenie Aplikacji 2D: GIMP i Inkscape,914,Kurs Tworzenie Aplikacji 2D: GIMP i Inkscape obejmuje wszystkie podstawowe i zaawansowane kwestie oraz zapewnia praktyczne doswiadczenie z projektami z prawdziwego swiata. Kurs prowadzony jest przez ekspertów branzowych i jest odpowiedni zarówno dla pocza,470.0000,18
16,Analiza Rynków Finansowych,961,"Kurs Analiza Rynków Finansowych obejmuje wszystkie podstawowe i zaawansowane kwestie oraz zapewnia praktyczne doswiadczenie z projektami z prawdziwego swiata. Kurs prowadzony jest przez ekspertów branzowych i jest odpowiedni zarówno dla poczatkujacych, ja",605.0000,20
17,Wirtualna Rzeczywistosc: Tworzenie Swiat,1051,Kurs Wirtualna Rzeczywistosc: Tworzenie Swiatów obejmuje wszystkie podstawowe i zaawansowane kwestie oraz zapewnia praktyczne doswiadczenie z projektami z prawdziwego swiata. Kurs prowadzony jest przez ekspertów branzowych i jest odpowiedni zarówno dla po,860.0000,20
18,Oceanografia: Eksploracja Oceanów,867,Kurs Oceanografia: Eksploracja Oceanów obejmuje wszystkie podstawowe i zaawansowane kwestie oraz zapewnia praktyczne doswiadczenie z projektami z prawdziwego swiata. Kurs prowadzony jest przez ekspertów branzowych i jest odpowiedni zarówno dla poczatkujac,1175.0000,25
19,Biochemia: Podstawy Zycia,1051,"Kurs Biochemia: Podstawy Zycia obejmuje wszystkie podstawowe i zaawansowane kwestie oraz zapewnia praktyczne doswiadczenie z projektami z prawdziwego swiata. Kurs prowadzony jest przez ekspertów branzowych i jest odpowiedni zarówno dla poczatkujacych, jak",670.0000,
20,Tworzenie Aplikacji Edukacyjnych: Moodle,828,Kurs Tworzenie Aplikacji Edukacyjnych: Moodle i Blackboard obejmuje wszystkie podstawowe i zaawansowane kwestie oraz zapewnia praktyczne doswiadczenie z projektami z prawdziwego swiata. Kurs prowadzony jest przez ekspertów branzowych i jest odpowiedni zar,965.0000,18
21,Sztuczna Inteligencja: Wprowadzenie,898,Kurs Sztuczna Inteligencja: Wprowadzenie obejmuje wszystkie podstawowe i zaawansowane kwestie oraz zapewnia praktyczne doswiadczenie z projektami z prawdziwego swiata. Kurs prowadzony jest przez ekspertów branzowych i jest odpowiedni zarówno dla poczatkuj,1375.0000,22
22,Bankowosc Elektroniczna: Systemy i Bezpi,615,Kurs Bankowosc Elektroniczna: Systemy i Bezpieczenstwo obejmuje wszystkie podstawowe i zaawansowane kwestie oraz zapewnia praktyczne doswiadczenie z projektami z prawdziwego swiata. Kurs prowadzony jest przez ekspertów branzowych i jest odpowiedni zarówno,500.0000,18
23,Kubernetes dla Poczatkujacych,433,"Kurs Kubernetes dla Poczatkujacych obejmuje wszystkie podstawowe i zaawansowane kwestie oraz zapewnia praktyczne doswiadczenie z projektami z prawdziwego swiata. Kurs prowadzony jest przez ekspertów branzowych i jest odpowiedni zarówno dla poczatkujacych,",545.0000,23
24,Finanse Osobiste: Jak Planowac Budzet,852,Kurs Finanse Osobiste: Jak Planowac Budzet obejmuje wszystkie podstawowe i zaawansowane kwestie oraz zapewnia praktyczne doswiadczenie z projektami z prawdziwego swiata. Kurs prowadzony jest przez ekspertów branzowych i jest odpowiedni zarówno dla poczatk,560.0000,20
25,Dietetyka: Zdrowe Zywienie,13,"Kurs Dietetyka: Zdrowe Zywienie obejmuje wszystkie podstawowe i zaawansowane kwestie oraz zapewnia praktyczne doswiadczenie z projektami z prawdziwego swiata. Kurs prowadzony jest przez ekspertów branzowych i jest odpowiedni zarówno dla poczatkujacych, ja",899.0000,22
26,Programowanie Reaktywne: Akka i RxJava,206,Kurs Programowanie Reaktywne: Akka i RxJava obejmuje wszystkie podstawowe i zaawansowane kwestie oraz zapewnia praktyczne doswiadczenie z projektami z prawdziwego swiata. Kurs prowadzony jest przez ekspertów branzowych i jest odpowiedni zarówno dla poczat,1015.0000,27
27,Druk 3D dla Poczatkujacych,206,"Kurs Druk 3D dla Poczatkujacych obejmuje wszystkie podstawowe i zaawansowane kwestie oraz zapewnia praktyczne doswiadczenie z projektami z prawdziwego swiata. Kurs prowadzony jest przez ekspertów branzowych i jest odpowiedni zarówno dla poczatkujacych, ja",1485.0000,19
28,Informatyka Zdrowotna: Technologie Medyc,206,Kurs Informatyka Zdrowotna: Technologie Medyczne obejmuje wszystkie podstawowe i zaawansowane kwestie oraz zapewnia praktyczne doswiadczenie z projektami z prawdziwego swiata. Kurs prowadzony jest przez ekspertów branzowych i jest odpowiedni zarówno dla p,749.0000,20
29,Tworzenie Aplikacji Voice-first: Voice-f,852,Kurs Tworzenie Aplikacji Voice-first: Voice-first Design obejmuje wszystkie podstawowe i zaawansowane kwestie oraz zapewnia praktyczne doswiadczenie z projektami z prawdziwego swiata. Kurs prowadzony jest przez ekspertów branzowych i jest odpowiedni zarów,1055.0000,35
30,Programowanie Logiczne: Prolog i Lisp,1051,Kurs Programowanie Logiczne: Prolog i Lisp obejmuje wszystkie podstawowe i zaawansowane kwestie oraz zapewnia praktyczne doswiadczenie z projektami z prawdziwego swiata. Kurs prowadzony jest przez ekspertów branzowych i jest odpowiedni zarówno dla poczatk,489.0000,
31,Tworzenie Aplikacji AI: TensorFlow i PyT,433,Kurs Tworzenie Aplikacji AI: TensorFlow i PyTorch obejmuje wszystkie podstawowe i zaawansowane kwestie oraz zapewnia praktyczne doswiadczenie z projektami z prawdziwego swiata. Kurs prowadzony jest przez ekspertów branzowych i jest odpowiedni zarówno dla ,755.0000,18
32,Architektura: Teoria i Praktyka,1051,Kurs Architektura: Teoria i Praktyka obejmuje wszystkie podstawowe i zaawansowane kwestie oraz zapewnia praktyczne doswiadczenie z projektami z prawdziwego swiata. Kurs prowadzony jest przez ekspertów branzowych i jest odpowiedni zarówno dla poczatkujacyc,1430.0000,19
33,Zaawansowany Haskell,926,"Kurs Zaawansowany Haskell obejmuje wszystkie podstawowe i zaawansowane kwestie oraz zapewnia praktyczne doswiadczenie z projektami z prawdziwego swiata. Kurs prowadzony jest przez ekspertów branzowych i jest odpowiedni zarówno dla poczatkujacych, jak i do",795.0000,18
34,Docker: Tworzenie i Zarzadzanie Kontener,952,Kurs Docker: Tworzenie i Zarzadzanie Kontenerami obejmuje wszystkie podstawowe i zaawansowane kwestie oraz zapewnia praktyczne doswiadczenie z projektami z prawdziwego swiata. Kurs prowadzony jest przez ekspertów branzowych i jest odpowiedni zarówno dla p,1459.0000,30
35,Genetyka: Dziedziczenie i DNA,563,"Kurs Genetyka: Dziedziczenie i DNA obejmuje wszystkie podstawowe i zaawansowane kwestie oraz zapewnia praktyczne doswiadczenie z projektami z prawdziwego swiata. Kurs prowadzony jest przez ekspertów branzowych i jest odpowiedni zarówno dla poczatkujacych,",515.0000,23
36,Nauka o Danych: Od Teorii do Praktyki,137,Kurs Nauka o Danych: Od Teorii do Praktyki obejmuje wszystkie podstawowe i zaawansowane kwestie oraz zapewnia praktyczne doswiadczenie z projektami z prawdziwego swiata. Kurs prowadzony jest przez ekspertów branzowych i jest odpowiedni zarówno dla poczatk,1125.0000,20
37,Terapia Zajeciowa: Przywracanie Funkcjon,265,Kurs Terapia Zajeciowa: Przywracanie Funkcjonalnosci obejmuje wszystkie podstawowe i zaawansowane kwestie oraz zapewnia praktyczne doswiadczenie z projektami z prawdziwego swiata. Kurs prowadzony jest przez ekspertów branzowych i jest odpowiedni zarówno d,1455.0000,20
38,Filozofia: Wprowadzenie do Myslenia Kryt,898,Kurs Filozofia: Wprowadzenie do Myslenia Krytycznego obejmuje wszystkie podstawowe i zaawansowane kwestie oraz zapewnia praktyczne doswiadczenie z projektami z prawdziwego swiata. Kurs prowadzony jest przez ekspertów branzowych i jest odpowiedni zarówno d,495.0000,22
39,Finanse Osobiste: Jak Planowac Budzet,867,Kurs Finanse Osobiste: Jak Planowac Budzet obejmuje wszystkie podstawowe i zaawansowane kwestie oraz zapewnia praktyczne doswiadczenie z projektami z prawdziwego swiata. Kurs prowadzony jest przez ekspertów branzowych i jest odpowiedni zarówno dla poczatk,1005.0000,
40,Tworzenie Aplikacji Biznesowych: Busines,952,Kurs Tworzenie Aplikacji Biznesowych: Business Applications obejmuje wszystkie podstawowe i zaawansowane kwestie oraz zapewnia praktyczne doswiadczenie z projektami z prawdziwego swiata. Kurs prowadzony jest przez ekspertów branzowych i jest odpowiedni za,1515.0000,24
41,Sztuka: Wprowadzenie do Technik,631,Kurs Sztuka: Wprowadzenie do Technik obejmuje wszystkie podstawowe i zaawansowane kwestie oraz zapewnia praktyczne doswiadczenie z projektami z prawdziwego swiata. Kurs prowadzony jest przez ekspertów branzowych i jest odpowiedni zarówno dla poczatkujacyc,565.0000,25
42,Kurs Python dla Poczatkujacych,366,Kurs Kurs Python dla Poczatkujacych obejmuje wszystkie podstawowe i zaawansowane kwestie oraz zapewnia praktyczne doswiadczenie z projektami z prawdziwego swiata. Kurs prowadzony jest przez ekspertów branzowych i jest odpowiedni zarówno dla poczatkujacych,1285.0000,19
43,Oceanografia: Eksploracja Oceanów,1056,Kurs Oceanografia: Eksploracja Oceanów obejmuje wszystkie podstawowe i zaawansowane kwestie oraz zapewnia praktyczne doswiadczenie z projektami z prawdziwego swiata. Kurs prowadzony jest przez ekspertów branzowych i jest odpowiedni zarówno dla poczatkujac,1385.0000,28
44,Tworzenie Aplikacji AI: TensorFlow i PyT,580,Kurs Tworzenie Aplikacji AI: TensorFlow i PyTorch obejmuje wszystkie podstawowe i zaawansowane kwestie oraz zapewnia praktyczne doswiadczenie z projektami z prawdziwego swiata. Kurs prowadzony jest przez ekspertów branzowych i jest odpowiedni zarówno dla ,1255.0000,
45,Kryptowaluty: Handel i Inwestowanie,403,Kurs Kryptowaluty: Handel i Inwestowanie obejmuje wszystkie podstawowe i zaawansowane kwestie oraz zapewnia praktyczne doswiadczenie z projektami z prawdziwego swiata. Kurs prowadzony jest przez ekspertów branzowych i jest odpowiedni zarówno dla poczatkuj,875.0000,18
46,Socjologia: Zrozumiec Spoleczenstwo,728,Kurs Socjologia: Zrozumiec Spoleczenstwo obejmuje wszystkie podstawowe i zaawansowane kwestie oraz zapewnia praktyczne doswiadczenie z projektami z prawdziwego swiata. Kurs prowadzony jest przez ekspertów branzowych i jest odpowiedni zarówno dla poczatkuj,1515.0000,18
47,E-commerce: Zarzadzanie Sklepem Online,605,Kurs E-commerce: Zarzadzanie Sklepem Online obejmuje wszystkie podstawowe i zaawansowane kwestie oraz zapewnia praktyczne doswiadczenie z projektami z prawdziwego swiata. Kurs prowadzony jest przez ekspertów branzowych i jest odpowiedni zarówno dla poczat,579.0000,19
48,"Zarzadzanie Inwestycjami: Akcje, Obligac",952,"Kurs Zarzadzanie Inwestycjami: Akcje, Obligacje, ETF-y obejmuje wszystkie podstawowe i zaawansowane kwestie oraz zapewnia praktyczne doswiadczenie z projektami z prawdziwego swiata. Kurs prowadzony jest przez ekspertów branzowych i jest odpowiedni zarówno",1139.0000,19
49,Tworzenie Aplikacji Chmurowych: AWS i Az,366,Kurs Tworzenie Aplikacji Chmurowych: AWS i Azure obejmuje wszystkie podstawowe i zaawansowane kwestie oraz zapewnia praktyczne doswiadczenie z projektami z prawdziwego swiata. Kurs prowadzony jest przez ekspertów branzowych i jest odpowiedni zarówno dla p,1295.0000,26
50,Zarzadzanie Opieka Zdrowotna,828,"Kurs Zarzadzanie Opieka Zdrowotna obejmuje wszystkie podstawowe i zaawansowane kwestie oraz zapewnia praktyczne doswiadczenie z projektami z prawdziwego swiata. Kurs prowadzony jest przez ekspertów branzowych i jest odpowiedni zarówno dla poczatkujacych, ",659.0000,21
51,Oceanografia: Eksploracja Oceanów,513,Kurs Oceanografia: Eksploracja Oceanów obejmuje wszystkie podstawowe i zaawansowane kwestie oraz zapewnia praktyczne doswiadczenie z projektami z prawdziwego swiata. Kurs prowadzony jest przez ekspertów branzowych i jest odpowiedni zarówno dla poczatkujac,605.0000,25
52,Programowanie Obiektowe: Java i Python,531,Kurs Programowanie Obiektowe: Java i Python obejmuje wszystkie podstawowe i zaawansowane kwestie oraz zapewnia praktyczne doswiadczenie z projektami z prawdziwego swiata. Kurs prowadzony jest przez ekspertów branzowych i jest odpowiedni zarówno dla poczat,495.0000,19
53,Inzynieria Kosmiczna: Projektowanie Sate,898,Kurs Inzynieria Kosmiczna: Projektowanie Satelitów obejmuje wszystkie podstawowe i zaawansowane kwestie oraz zapewnia praktyczne doswiadczenie z projektami z prawdziwego swiata. Kurs prowadzony jest przez ekspertów branzowych i jest odpowiedni zarówno dla,615.0000,30
54,Tworzenie Aplikacji w Elixirze,828,Kurs Tworzenie Aplikacji w Elixirze obejmuje wszystkie podstawowe i zaawansowane kwestie oraz zapewnia praktyczne doswiadczenie z projektami z prawdziwego swiata. Kurs prowadzony jest przez ekspertów branzowych i jest odpowiedni zarówno dla poczatkujacych,1100.0000,19
55,Tworzenie Aplikacji Monolitycznych: Lega,314,Kurs Tworzenie Aplikacji Monolitycznych: Legacy Systems obejmuje wszystkie podstawowe i zaawansowane kwestie oraz zapewnia praktyczne doswiadczenie z projektami z prawdziwego swiata. Kurs prowadzony jest przez ekspertów branzowych i jest odpowiedni zarówn,1200.0000,20
56,Tworzenie Aplikacji VR: Unity i Unreal E,315,Kurs Tworzenie Aplikacji VR: Unity i Unreal Engine obejmuje wszystkie podstawowe i zaawansowane kwestie oraz zapewnia praktyczne doswiadczenie z projektami z prawdziwego swiata. Kurs prowadzony jest przez ekspertów branzowych i jest odpowiedni zarówno dla,1279.0000,24
57,Tworzenie Aplikacji AI: TensorFlow i PyT,314,Kurs Tworzenie Aplikacji AI: TensorFlow i PyTorch obejmuje wszystkie podstawowe i zaawansowane kwestie oraz zapewnia praktyczne doswiadczenie z projektami z prawdziwego swiata. Kurs prowadzony jest przez ekspertów branzowych i jest odpowiedni zarówno dla ,1280.0000,18
58,Astrofizyka: Wprowadzenie,580,"Kurs Astrofizyka: Wprowadzenie obejmuje wszystkie podstawowe i zaawansowane kwestie oraz zapewnia praktyczne doswiadczenie z projektami z prawdziwego swiata. Kurs prowadzony jest przez ekspertów branzowych i jest odpowiedni zarówno dla poczatkujacych, jak",609.0000,19
59,Ekonomia: Wprowadzenie do Makro i Mikroe,203,Kurs Ekonomia: Wprowadzenie do Makro i Mikroekonomii obejmuje wszystkie podstawowe i zaawansowane kwestie oraz zapewnia praktyczne doswiadczenie z projektami z prawdziwego swiata. Kurs prowadzony jest przez ekspertów branzowych i jest odpowiedni zarówno d,1430.0000,28
60,Zarzadzanie Sieciami Komputerowymi,693,Kurs Zarzadzanie Sieciami Komputerowymi obejmuje wszystkie podstawowe i zaawansowane kwestie oraz zapewnia praktyczne doswiadczenie z projektami z prawdziwego swiata. Kurs prowadzony jest przez ekspertów branzowych i jest odpowiedni zarówno dla poczatkuja,1459.0000,18
61,Tworzenie Aplikacji Finansowych: Financi,898,Kurs Tworzenie Aplikacji Finansowych: Financial Applications obejmuje wszystkie podstawowe i zaawansowane kwestie oraz zapewnia praktyczne doswiadczenie z projektami z prawdziwego swiata. Kurs prowadzony jest przez ekspertów branzowych i jest odpowiedni z,700.0000,28
62,Tworzenie Aplikacji PWA: Progressive Web,433,Kurs Tworzenie Aplikacji PWA: Progressive Web Apps obejmuje wszystkie podstawowe i zaawansowane kwestie oraz zapewnia praktyczne doswiadczenie z projektami z prawdziwego swiata. Kurs prowadzony jest przez ekspertów branzowych i jest odpowiedni zarówno dla,820.0000,24
63,Geologia: Badanie Ziemi,199,"Kurs Geologia: Badanie Ziemi obejmuje wszystkie podstawowe i zaawansowane kwestie oraz zapewnia praktyczne doswiadczenie z projektami z prawdziwego swiata. Kurs prowadzony jest przez ekspertów branzowych i jest odpowiedni zarówno dla poczatkujacych, jak i",889.0000,22
64,Mikrobiologia: Swiat Mikroorganizmów,926,Kurs Mikrobiologia: Swiat Mikroorganizmów obejmuje wszystkie podstawowe i zaawansowane kwestie oraz zapewnia praktyczne doswiadczenie z projektami z prawdziwego swiata. Kurs prowadzony jest przez ekspertów branzowych i jest odpowiedni zarówno dla poczatku,999.0000,20
65,Wprowadzenie do Tworzenia Gier,693,Kurs Wprowadzenie do Tworzenia Gier obejmuje wszystkie podstawowe i zaawansowane kwestie oraz zapewnia praktyczne doswiadczenie z projektami z prawdziwego swiata. Kurs prowadzony jest przez ekspertów branzowych i jest odpowiedni zarówno dla poczatkujacych,665.0000,18
66,Dietetyka: Zdrowe Zywienie,269,"Kurs Dietetyka: Zdrowe Zywienie obejmuje wszystkie podstawowe i zaawansowane kwestie oraz zapewnia praktyczne doswiadczenie z projektami z prawdziwego swiata. Kurs prowadzony jest przez ekspertów branzowych i jest odpowiedni zarówno dla poczatkujacych, ja",535.0000,21
67,Tworzenie Aplikacji w Elixirze,605,Kurs Tworzenie Aplikacji w Elixirze obejmuje wszystkie podstawowe i zaawansowane kwestie oraz zapewnia praktyczne doswiadczenie z projektami z prawdziwego swiata. Kurs prowadzony jest przez ekspertów branzowych i jest odpowiedni zarówno dla poczatkujacych,970.0000,26
68,Programowanie Logiczne: Prolog i Lisp,199,Kurs Programowanie Logiczne: Prolog i Lisp obejmuje wszystkie podstawowe i zaawansowane kwestie oraz zapewnia praktyczne doswiadczenie z projektami z prawdziwego swiata. Kurs prowadzony jest przez ekspertów branzowych i jest odpowiedni zarówno dla poczatk,670.0000,19
69,Nauka o Danych: Od Teorii do Praktyki,926,Kurs Nauka o Danych: Od Teorii do Praktyki obejmuje wszystkie podstawowe i zaawansowane kwestie oraz zapewnia praktyczne doswiadczenie z projektami z prawdziwego swiata. Kurs prowadzony jest przez ekspertów branzowych i jest odpowiedni zarówno dla poczatk,915.0000,18
70,Psychologia: Podstawy,580,"Kurs Psychologia: Podstawy obejmuje wszystkie podstawowe i zaawansowane kwestie oraz zapewnia praktyczne doswiadczenie z projektami z prawdziwego swiata. Kurs prowadzony jest przez ekspertów branzowych i jest odpowiedni zarówno dla poczatkujacych, jak i d",1249.0000,18
71,"Zarzadzanie Inwestycjami: Akcje, Obligac",1051,"Kurs Zarzadzanie Inwestycjami: Akcje, Obligacje, ETF-y obejmuje wszystkie podstawowe i zaawansowane kwestie oraz zapewnia praktyczne doswiadczenie z projektami z prawdziwego swiata. Kurs prowadzony jest przez ekspertów branzowych i jest odpowiedni zarówno",635.0000,18
72,Tworzenie Aplikacji Responsive: Responsi,1069,Kurs Tworzenie Aplikacji Responsive: Responsive Web Design obejmuje wszystkie podstawowe i zaawansowane kwestie oraz zapewnia praktyczne doswiadczenie z projektami z prawdziwego swiata. Kurs prowadzony jest przez ekspertów branzowych i jest odpowiedni zar,735.0000,20
73,Zarzadzanie Opieka Zdrowotna,120,"Kurs Zarzadzanie Opieka Zdrowotna obejmuje wszystkie podstawowe i zaawansowane kwestie oraz zapewnia praktyczne doswiadczenie z projektami z prawdziwego swiata. Kurs prowadzony jest przez ekspertów branzowych i jest odpowiedni zarówno dla poczatkujacych, ",639.0000,19
74,Tworzenie Aplikacji Desktopowych: Java i,852,Kurs Tworzenie Aplikacji Desktopowych: Java i C# obejmuje wszystkie podstawowe i zaawansowane kwestie oraz zapewnia praktyczne doswiadczenie z projektami z prawdziwego swiata. Kurs prowadzony jest przez ekspertów branzowych i jest odpowiedni zarówno dla p,1059.0000,37
75,Tworzenie Aplikacji Medycznych: Medical ,926,Kurs Tworzenie Aplikacji Medycznych: Medical Applications obejmuje wszystkie podstawowe i zaawansowane kwestie oraz zapewnia praktyczne doswiadczenie z projektami z prawdziwego swiata. Kurs prowadzony jest przez ekspertów branzowych i jest odpowiedni zaró,430.0000,27
76,Tworzenie Aplikacji SPA: Single Page App,314,Kurs Tworzenie Aplikacji SPA: Single Page Applications obejmuje wszystkie podstawowe i zaawansowane kwestie oraz zapewnia praktyczne doswiadczenie z projektami z prawdziwego swiata. Kurs prowadzony jest przez ekspertów branzowych i jest odpowiedni zarówno,1480.0000,20
77,Tworzenie Bezpiecznych Aplikacji Webowyc,828,Kurs Tworzenie Bezpiecznych Aplikacji Webowych obejmuje wszystkie podstawowe i zaawansowane kwestie oraz zapewnia praktyczne doswiadczenie z projektami z prawdziwego swiata. Kurs prowadzony jest przez ekspertów branzowych i jest odpowiedni zarówno dla poc,1479.0000,19
78,Astrofizyka: Wprowadzenie,926,"Kurs Astrofizyka: Wprowadzenie obejmuje wszystkie podstawowe i zaawansowane kwestie oraz zapewnia praktyczne doswiadczenie z projektami z prawdziwego swiata. Kurs prowadzony jest przez ekspertów branzowych i jest odpowiedni zarówno dla poczatkujacych, jak",919.0000,18
79,SQL: Zarzadzanie Bazami Danych,513,Kurs SQL: Zarzadzanie Bazami Danych obejmuje wszystkie podstawowe i zaawansowane kwestie oraz zapewnia praktyczne doswiadczenie z projektami z prawdziwego swiata. Kurs prowadzony jest przez ekspertów branzowych i jest odpowiedni zarówno dla poczatkujacych,1035.0000,18
80,Projektowanie Produktu: Od Koncepcji do ,314,Kurs Projektowanie Produktu: Od Koncepcji do Realizacji obejmuje wszystkie podstawowe i zaawansowane kwestie oraz zapewnia praktyczne doswiadczenie z projektami z prawdziwego swiata. Kurs prowadzony jest przez ekspertów branzowych i jest odpowiedni zarówn,715.0000,18
81,FinTech: Przyszlosc Finansów,631,"Kurs FinTech: Przyszlosc Finansów obejmuje wszystkie podstawowe i zaawansowane kwestie oraz zapewnia praktyczne doswiadczenie z projektami z prawdziwego swiata. Kurs prowadzony jest przez ekspertów branzowych i jest odpowiedni zarówno dla poczatkujacych, ",645.0000,36
82,Projektowanie za Pomoca CSS,615,"Kurs Projektowanie za Pomoca CSS obejmuje wszystkie podstawowe i zaawansowane kwestie oraz zapewnia praktyczne doswiadczenie z projektami z prawdziwego swiata. Kurs prowadzony jest przez ekspertów branzowych i jest odpowiedni zarówno dla poczatkujacych, j",1325.0000,19
83,Biochemia: Podstawy Zycia,1056,"Kurs Biochemia: Podstawy Zycia obejmuje wszystkie podstawowe i zaawansowane kwestie oraz zapewnia praktyczne doswiadczenie z projektami z prawdziwego swiata. Kurs prowadzony jest przez ekspertów branzowych i jest odpowiedni zarówno dla poczatkujacych, jak",1070.0000,22
84,Wizja Komputerowa w Praktyce,203,"Kurs Wizja Komputerowa w Praktyce obejmuje wszystkie podstawowe i zaawansowane kwestie oraz zapewnia praktyczne doswiadczenie z projektami z prawdziwego swiata. Kurs prowadzony jest przez ekspertów branzowych i jest odpowiedni zarówno dla poczatkujacych, ",1000.0000,29
85,Weterynaria: Opieka nad Zwierzetami,583,Kurs Weterynaria: Opieka nad Zwierzetami obejmuje wszystkie podstawowe i zaawansowane kwestie oraz zapewnia praktyczne doswiadczenie z projektami z prawdziwego swiata. Kurs prowadzony jest przez ekspertów branzowych i jest odpowiedni zarówno dla poczatkuj,1515.0000,28
86,Wizja Komputerowa w Praktyce,366,"Kurs Wizja Komputerowa w Praktyce obejmuje wszystkie podstawowe i zaawansowane kwestie oraz zapewnia praktyczne doswiadczenie z projektami z prawdziwego swiata. Kurs prowadzony jest przez ekspertów branzowych i jest odpowiedni zarówno dla poczatkujacych, ",1419.0000,19
87,Druk 3D dla Poczatkujacych,269,"Kurs Druk 3D dla Poczatkujacych obejmuje wszystkie podstawowe i zaawansowane kwestie oraz zapewnia praktyczne doswiadczenie z projektami z prawdziwego swiata. Kurs prowadzony jest przez ekspertów branzowych i jest odpowiedni zarówno dla poczatkujacych, ja",1495.0000,18
88,Tworzenie Aplikacji AR-first: AR-first D,206,Kurs Tworzenie Aplikacji AR-first: AR-first Design obejmuje wszystkie podstawowe i zaawansowane kwestie oraz zapewnia praktyczne doswiadczenie z projektami z prawdziwego swiata. Kurs prowadzony jest przez ekspertów branzowych i jest odpowiedni zarówno dla,1325.0000,20
89,Przetwarzanie Jezyka Naturalnego,898,Kurs Przetwarzanie Jezyka Naturalnego obejmuje wszystkie podstawowe i zaawansowane kwestie oraz zapewnia praktyczne doswiadczenie z projektami z prawdziwego swiata. Kurs prowadzony jest przez ekspertów branzowych i jest odpowiedni zarówno dla poczatkujacy,1150.0000,28
90,Tworzenie Stron Internetowych,513,"Kurs Tworzenie Stron Internetowych obejmuje wszystkie podstawowe i zaawansowane kwestie oraz zapewnia praktyczne doswiadczenie z projektami z prawdziwego swiata. Kurs prowadzony jest przez ekspertów branzowych i jest odpowiedni zarówno dla poczatkujacych,",1479.0000,24
91,Neurobiologia: Jak Dziala Mózg,629,Kurs Neurobiologia: Jak Dziala Mózg obejmuje wszystkie podstawowe i zaawansowane kwestie oraz zapewnia praktyczne doswiadczenie z projektami z prawdziwego swiata. Kurs prowadzony jest przez ekspertów branzowych i jest odpowiedni zarówno dla poczatkujacych,1015.0000,
92,Wprowadzenie do Cyberbezpieczenstwa,206,Kurs Wprowadzenie do Cyberbezpieczenstwa obejmuje wszystkie podstawowe i zaawansowane kwestie oraz zapewnia praktyczne doswiadczenie z projektami z prawdziwego swiata. Kurs prowadzony jest przez ekspertów branzowych i jest odpowiedni zarówno dla poczatkuj,695.0000,18
93,"Zarzadzanie Inwestycjami: Akcje, Obligac",1051,"Kurs Zarzadzanie Inwestycjami: Akcje, Obligacje, ETF-y obejmuje wszystkie podstawowe i zaawansowane kwestie oraz zapewnia praktyczne doswiadczenie z projektami z prawdziwego swiata. Kurs prowadzony jest przez ekspertów branzowych i jest odpowiedni zarówno",755.0000,24
94,Tworzenie Aplikacji 3D-first: 3D-first D,199,Kurs Tworzenie Aplikacji 3D-first: 3D-first Design obejmuje wszystkie podstawowe i zaawansowane kwestie oraz zapewnia praktyczne doswiadczenie z projektami z prawdziwego swiata. Kurs prowadzony jest przez ekspertów branzowych i jest odpowiedni zarówno dla,1229.0000,20
95,Inzynieria Biomedyczna: Rozwiazania dla ,926,Kurs Inzynieria Biomedyczna: Rozwiazania dla Zdrowia obejmuje wszystkie podstawowe i zaawansowane kwestie oraz zapewnia praktyczne doswiadczenie z projektami z prawdziwego swiata. Kurs prowadzony jest przez ekspertów branzowych i jest odpowiedni zarówno d,1555.0000,34
96,Docker: Tworzenie i Zarzadzanie Kontener,926,Kurs Docker: Tworzenie i Zarzadzanie Kontenerami obejmuje wszystkie podstawowe i zaawansowane kwestie oraz zapewnia praktyczne doswiadczenie z projektami z prawdziwego swiata. Kurs prowadzony jest przez ekspertów branzowych i jest odpowiedni zarówno dla p,929.0000,19
97,Programowanie w C++,513,"Kurs Programowanie w C++ obejmuje wszystkie podstawowe i zaawansowane kwestie oraz zapewnia praktyczne doswiadczenie z projektami z prawdziwego swiata. Kurs prowadzony jest przez ekspertów branzowych i jest odpowiedni zarówno dla poczatkujacych, jak i dos",955.0000,35
98,Tworzenie Aplikacji AR: ARCore i ARKit,513,Kurs Tworzenie Aplikacji AR: ARCore i ARKit obejmuje wszystkie podstawowe i zaawansowane kwestie oraz zapewnia praktyczne doswiadczenie z projektami z prawdziwego swiata. Kurs prowadzony jest przez ekspertów branzowych i jest odpowiedni zarówno dla poczat,1305.0000,19
99,Wirtualna Rzeczywistosc: Tworzenie Swiat,693,Kurs Wirtualna Rzeczywistosc: Tworzenie Swiatów obejmuje wszystkie podstawowe i zaawansowane kwestie oraz zapewnia praktyczne doswiadczenie z projektami z prawdziwego swiata. Kurs prowadzony jest przez ekspertów branzowych i jest odpowiedni zarówno dla po,430.0000,26
100,Tworzenie Aplikacji PWA: Progressive Web,203,Kurs Tworzenie Aplikacji PWA: Progressive Web Apps obejmuje wszystkie podstawowe i zaawansowane kwestie oraz zapewnia praktyczne doswiadczenie z projektami z prawdziwego swiata. Kurs prowadzony jest przez ekspertów branzowych i jest odpowiedni zarówno dla,580.0000,18
101,Tworzenie Aplikacji w JavaScript,961,Kurs Tworzenie Aplikacji w JavaScript obejmuje wszystkie podstawowe i zaawansowane kwestie oraz zapewnia praktyczne doswiadczenie z projektami z prawdziwego swiata. Kurs prowadzony jest przez ekspertów branzowych i jest odpowiedni zarówno dla poczatkujacy,555.0000,20
102,Tworzenie Aplikacji JAMstack: JavaScript,531,"Kurs Tworzenie Aplikacji JAMstack: JavaScript, APIs, Markup obejmuje wszystkie podstawowe i zaawansowane kwestie oraz zapewnia praktyczne doswiadczenie z projektami z prawdziwego swiata. Kurs prowadzony jest przez ekspertów branzowych i jest odpowiedni za",1289.0000,18
103,E-commerce: Zarzadzanie Sklepem Online,433,Kurs E-commerce: Zarzadzanie Sklepem Online obejmuje wszystkie podstawowe i zaawansowane kwestie oraz zapewnia praktyczne doswiadczenie z projektami z prawdziwego swiata. Kurs prowadzony jest przez ekspertów branzowych i jest odpowiedni zarówno dla poczat,909.0000,20
104,"Tworzenie Aplikacji MEAN: MongoDB, Expre",631,"Kurs Tworzenie Aplikacji MEAN: MongoDB, Express, Angular, Node.js obejmuje wszystkie podstawowe i zaawansowane kwestie oraz zapewnia praktyczne doswiadczenie z projektami z prawdziwego swiata. Kurs prowadzony jest przez ekspertów branzowych i jest odpowie",1385.0000,21
105,Zarzadzanie Incydentami Bezpieczenstwa,961,Kurs Zarzadzanie Incydentami Bezpieczenstwa obejmuje wszystkie podstawowe i zaawansowane kwestie oraz zapewnia praktyczne doswiadczenie z projektami z prawdziwego swiata. Kurs prowadzony jest przez ekspertów branzowych i jest odpowiedni zarówno dla poczat,1080.0000,24
106,"Zarzadzanie Inwestycjami: Akcje, Obligac",926,"Kurs Zarzadzanie Inwestycjami: Akcje, Obligacje, ETF-y obejmuje wszystkie podstawowe i zaawansowane kwestie oraz zapewnia praktyczne doswiadczenie z projektami z prawdziwego swiata. Kurs prowadzony jest przez ekspertów branzowych i jest odpowiedni zarówno",910.0000,22
107,Tworzenie Aplikacji Naukowych: MATLAB i ,828,Kurs Tworzenie Aplikacji Naukowych: MATLAB i LabVIEW obejmuje wszystkie podstawowe i zaawansowane kwestie oraz zapewnia praktyczne doswiadczenie z projektami z prawdziwego swiata. Kurs prowadzony jest przez ekspertów branzowych i jest odpowiedni zarówno d,805.0000,19
108,Tworzenie Aplikacji Native: Swift i Kotl,1056,Kurs Tworzenie Aplikacji Native: Swift i Kotlin obejmuje wszystkie podstawowe i zaawansowane kwestie oraz zapewnia praktyczne doswiadczenie z projektami z prawdziwego swiata. Kurs prowadzony jest przez ekspertów branzowych i jest odpowiedni zarówno dla po,1189.0000,19
109,Tworzenie Aplikacji SaaS: Salesforce i S,513,Kurs Tworzenie Aplikacji SaaS: Salesforce i Slack obejmuje wszystkie podstawowe i zaawansowane kwestie oraz zapewnia praktyczne doswiadczenie z projektami z prawdziwego swiata. Kurs prowadzony jest przez ekspertów branzowych i jest odpowiedni zarówno dla ,1520.0000,38
110,Bezpieczenstwo Chmury: Best Practices,852,Kurs Bezpieczenstwo Chmury: Best Practices obejmuje wszystkie podstawowe i zaawansowane kwestie oraz zapewnia praktyczne doswiadczenie z projektami z prawdziwego swiata. Kurs prowadzony jest przez ekspertów branzowych i jest odpowiedni zarówno dla poczatk,889.0000,41
111,Biologia: Struktura i Funkcje Zycia,269,Kurs Biologia: Struktura i Funkcje Zycia obejmuje wszystkie podstawowe i zaawansowane kwestie oraz zapewnia praktyczne doswiadczenie z projektami z prawdziwego swiata. Kurs prowadzony jest przez ekspertów branzowych i jest odpowiedni zarówno dla poczatkuj,500.0000,20
112,Programowanie Obiektowe: Java i Python,137,Kurs Programowanie Obiektowe: Java i Python obejmuje wszystkie podstawowe i zaawansowane kwestie oraz zapewnia praktyczne doswiadczenie z projektami z prawdziwego swiata. Kurs prowadzony jest przez ekspertów branzowych i jest odpowiedni zarówno dla poczat,725.0000,19
113,Tworzenie Aplikacji Desktop-first: Deskt,269,Kurs Tworzenie Aplikacji Desktop-first: Desktop-first Design obejmuje wszystkie podstawowe i zaawansowane kwestie oraz zapewnia praktyczne doswiadczenie z projektami z prawdziwego swiata. Kurs prowadzony jest przez ekspertów branzowych i jest odpowiedni z,795.0000,19
114,Internet Rzeczy: Zastosowania,975,"Kurs Internet Rzeczy: Zastosowania obejmuje wszystkie podstawowe i zaawansowane kwestie oraz zapewnia praktyczne doswiadczenie z projektami z prawdziwego swiata. Kurs prowadzony jest przez ekspertów branzowych i jest odpowiedni zarówno dla poczatkujacych,",1569.0000,19
115,Zarzadzanie Opieka Zdrowotna,433,"Kurs Zarzadzanie Opieka Zdrowotna obejmuje wszystkie podstawowe i zaawansowane kwestie oraz zapewnia praktyczne doswiadczenie z projektami z prawdziwego swiata. Kurs prowadzony jest przez ekspertów branzowych i jest odpowiedni zarówno dla poczatkujacych, ",440.0000,18
116,Zywienie: Zasady i Praktyka,137,"Kurs Zywienie: Zasady i Praktyka obejmuje wszystkie podstawowe i zaawansowane kwestie oraz zapewnia praktyczne doswiadczenie z projektami z prawdziwego swiata. Kurs prowadzony jest przez ekspertów branzowych i jest odpowiedni zarówno dla poczatkujacych, j",1100.0000,20
117,Wprowadzenie do Programowania Funkcyjneg,867,Kurs Wprowadzenie do Programowania Funkcyjnego obejmuje wszystkie podstawowe i zaawansowane kwestie oraz zapewnia praktyczne doswiadczenie z projektami z prawdziwego swiata. Kurs prowadzony jest przez ekspertów branzowych i jest odpowiedni zarówno dla poc,1345.0000,19
118,Podstawy Chmury Obliczeniowej,433,"Kurs Podstawy Chmury Obliczeniowej obejmuje wszystkie podstawowe i zaawansowane kwestie oraz zapewnia praktyczne doswiadczenie z projektami z prawdziwego swiata. Kurs prowadzony jest przez ekspertów branzowych i jest odpowiedni zarówno dla poczatkujacych,",815.0000,25
119,Kurs Python dla Poczatkujacych,952,Kurs Kurs Python dla Poczatkujacych obejmuje wszystkie podstawowe i zaawansowane kwestie oraz zapewnia praktyczne doswiadczenie z projektami z prawdziwego swiata. Kurs prowadzony jest przez ekspertów branzowych i jest odpowiedni zarówno dla poczatkujacych,1385.0000,21
120,Tworzenie Aplikacji Biznesowych: SAP i S,531,Kurs Tworzenie Aplikacji Biznesowych: SAP i Salesforce obejmuje wszystkie podstawowe i zaawansowane kwestie oraz zapewnia praktyczne doswiadczenie z projektami z prawdziwego swiata. Kurs prowadzony jest przez ekspertów branzowych i jest odpowiedni zarówno,620.0000,70
121,Ekologia: Zrozumiec Przyrode,898,"Kurs Ekologia: Zrozumiec Przyrode obejmuje wszystkie podstawowe i zaawansowane kwestie oraz zapewnia praktyczne doswiadczenie z projektami z prawdziwego swiata. Kurs prowadzony jest przez ekspertów branzowych i jest odpowiedni zarówno dla poczatkujacych, ",1105.0000,22
122,HTML i CSS: Podstawy Tworzenia Stron,583,Kurs HTML i CSS: Podstawy Tworzenia Stron obejmuje wszystkie podstawowe i zaawansowane kwestie oraz zapewnia praktyczne doswiadczenie z projektami z prawdziwego swiata. Kurs prowadzony jest przez ekspertów branzowych i jest odpowiedni zarówno dla poczatku,1079.0000,26
123,Dietetyka: Zdrowe Zywienie,137,"Kurs Dietetyka: Zdrowe Zywienie obejmuje wszystkie podstawowe i zaawansowane kwestie oraz zapewnia praktyczne doswiadczenie z projektami z prawdziwego swiata. Kurs prowadzony jest przez ekspertów branzowych i jest odpowiedni zarówno dla poczatkujacych, ja",565.0000,20
124,Bankowosc Elektroniczna: Systemy i Bezpi,914,Kurs Bankowosc Elektroniczna: Systemy i Bezpieczenstwo obejmuje wszystkie podstawowe i zaawansowane kwestie oraz zapewnia praktyczne doswiadczenie z projektami z prawdziwego swiata. Kurs prowadzony jest przez ekspertów branzowych i jest odpowiedni zarówno,479.0000,19
125,Inzynieria Przemyslowa: Optymalizacja Pr,203,Kurs Inzynieria Przemyslowa: Optymalizacja Procesów obejmuje wszystkie podstawowe i zaawansowane kwestie oraz zapewnia praktyczne doswiadczenie z projektami z prawdziwego swiata. Kurs prowadzony jest przez ekspertów branzowych i jest odpowiedni zarówno dl,700.0000,24
126,Tworzenie Aplikacji AR-first: AR-first D,926,Kurs Tworzenie Aplikacji AR-first: AR-first Design obejmuje wszystkie podstawowe i zaawansowane kwestie oraz zapewnia praktyczne doswiadczenie z projektami z prawdziwego swiata. Kurs prowadzony jest przez ekspertów branzowych i jest odpowiedni zarówno dla,1369.0000,
127,Internet Rzeczy: Zastosowania,403,"Kurs Internet Rzeczy: Zastosowania obejmuje wszystkie podstawowe i zaawansowane kwestie oraz zapewnia praktyczne doswiadczenie z projektami z prawdziwego swiata. Kurs prowadzony jest przez ekspertów branzowych i jest odpowiedni zarówno dla poczatkujacych,",500.0000,18
128,Tworzenie Aplikacji Finansowych: Bloombe,615,Kurs Tworzenie Aplikacji Finansowych: Bloomberg i Reuters obejmuje wszystkie podstawowe i zaawansowane kwestie oraz zapewnia praktyczne doswiadczenie z projektami z prawdziwego swiata. Kurs prowadzony jest przez ekspertów branzowych i jest odpowiedni zaró,1405.0000,19
129,Architektura: Teoria i Praktyka,605,Kurs Architektura: Teoria i Praktyka obejmuje wszystkie podstawowe i zaawansowane kwestie oraz zapewnia praktyczne doswiadczenie z projektami z prawdziwego swiata. Kurs prowadzony jest przez ekspertów branzowych i jest odpowiedni zarówno dla poczatkujacyc,1025.0000,19
130,Podstawy Chmury Obliczeniowej,1056,"Kurs Podstawy Chmury Obliczeniowej obejmuje wszystkie podstawowe i zaawansowane kwestie oraz zapewnia praktyczne doswiadczenie z projektami z prawdziwego swiata. Kurs prowadzony jest przez ekspertów branzowych i jest odpowiedni zarówno dla poczatkujacych,",1290.0000,27
131,Architektura Krajobrazu: Kreowanie Przes,583,Kurs Architektura Krajobrazu: Kreowanie Przestrzeni obejmuje wszystkie podstawowe i zaawansowane kwestie oraz zapewnia praktyczne doswiadczenie z projektami z prawdziwego swiata. Kurs prowadzony jest przez ekspertów branzowych i jest odpowiedni zarówno dl,1019.0000,32
132,Tworzenie Aplikacji VR: Unity i Unreal E,1069,Kurs Tworzenie Aplikacji VR: Unity i Unreal Engine obejmuje wszystkie podstawowe i zaawansowane kwestie oraz zapewnia praktyczne doswiadczenie z projektami z prawdziwego swiata. Kurs prowadzony jest przez ekspertów branzowych i jest odpowiedni zarówno dla,1215.0000,100
133,Tworzenie Aplikacji Blockchain: Ethereum,137,Kurs Tworzenie Aplikacji Blockchain: Ethereum i Hyperledger obejmuje wszystkie podstawowe i zaawansowane kwestie oraz zapewnia praktyczne doswiadczenie z projektami z prawdziwego swiata. Kurs prowadzony jest przez ekspertów branzowych i jest odpowiedni za,815.0000,25
134,Wprowadzenie do Programowania Funkcyjneg,199,Kurs Wprowadzenie do Programowania Funkcyjnego obejmuje wszystkie podstawowe i zaawansowane kwestie oraz zapewnia praktyczne doswiadczenie z projektami z prawdziwego swiata. Kurs prowadzony jest przez ekspertów branzowych i jest odpowiedni zarówno dla poc,1559.0000,36
135,Programowanie Niskopoziomowe: C i Asembl,269,Kurs Programowanie Niskopoziomowe: C i Asembler obejmuje wszystkie podstawowe i zaawansowane kwestie oraz zapewnia praktyczne doswiadczenie z projektami z prawdziwego swiata. Kurs prowadzony jest przez ekspertów branzowych i jest odpowiedni zarówno dla po,1019.0000,19
136,Nauka o Materialach: Wprowadzenie,314,Kurs Nauka o Materialach: Wprowadzenie obejmuje wszystkie podstawowe i zaawansowane kwestie oraz zapewnia praktyczne doswiadczenie z projektami z prawdziwego swiata. Kurs prowadzony jest przez ekspertów branzowych i jest odpowiedni zarówno dla poczatkujac,1475.0000,20
137,Tworzenie Aplikacji VR-first: VR-first D,199,Kurs Tworzenie Aplikacji VR-first: VR-first Design obejmuje wszystkie podstawowe i zaawansowane kwestie oraz zapewnia praktyczne doswiadczenie z projektami z prawdziwego swiata. Kurs prowadzony jest przez ekspertów branzowych i jest odpowiedni zarówno dla,1189.0000,18
138,Eksploracja Kosmosu,615,"Kurs Eksploracja Kosmosu obejmuje wszystkie podstawowe i zaawansowane kwestie oraz zapewnia praktyczne doswiadczenie z projektami z prawdziwego swiata. Kurs prowadzony jest przez ekspertów branzowych i jest odpowiedni zarówno dla poczatkujacych, jak i dos",489.0000,24
139,Architektura: Teoria i Praktyka,433,Kurs Architektura: Teoria i Praktyka obejmuje wszystkie podstawowe i zaawansowane kwestie oraz zapewnia praktyczne doswiadczenie z projektami z prawdziwego swiata. Kurs prowadzony jest przez ekspertów branzowych i jest odpowiedni zarówno dla poczatkujacyc,720.0000,29
140,Matlab dla Inzynierów,403,"Kurs Matlab dla Inzynierów obejmuje wszystkie podstawowe i zaawansowane kwestie oraz zapewnia praktyczne doswiadczenie z projektami z prawdziwego swiata. Kurs prowadzony jest przez ekspertów branzowych i jest odpowiedni zarówno dla poczatkujacych, jak i d",1159.0000,21
141,Tworzenie Aplikacji PWA: Progressive Web,852,Kurs Tworzenie Aplikacji PWA: Progressive Web Applications obejmuje wszystkie podstawowe i zaawansowane kwestie oraz zapewnia praktyczne doswiadczenie z projektami z prawdziwego swiata. Kurs prowadzony jest przez ekspertów branzowych i jest odpowiedni zar,935.0000,20
142,Zaawansowana Inzynieria Sieciowa,366,Kurs Zaawansowana Inzynieria Sieciowa obejmuje wszystkie podstawowe i zaawansowane kwestie oraz zapewnia praktyczne doswiadczenie z projektami z prawdziwego swiata. Kurs prowadzony jest przez ekspertów branzowych i jest odpowiedni zarówno dla poczatkujacy,770.0000,25
143,Neurobiologia: Jak Dziala Mózg,828,Kurs Neurobiologia: Jak Dziala Mózg obejmuje wszystkie podstawowe i zaawansowane kwestie oraz zapewnia praktyczne doswiadczenie z projektami z prawdziwego swiata. Kurs prowadzony jest przez ekspertów branzowych i jest odpowiedni zarówno dla poczatkujacych,819.0000,18
144,Inzynieria Chemiczna: Procesy i Material,206,Kurs Inzynieria Chemiczna: Procesy i Materialy obejmuje wszystkie podstawowe i zaawansowane kwestie oraz zapewnia praktyczne doswiadczenie z projektami z prawdziwego swiata. Kurs prowadzony jest przez ekspertów branzowych i jest odpowiedni zarówno dla poc,1209.0000,20
145,Tworzenie Stron Internetowych,269,"Kurs Tworzenie Stron Internetowych obejmuje wszystkie podstawowe i zaawansowane kwestie oraz zapewnia praktyczne doswiadczenie z projektami z prawdziwego swiata. Kurs prowadzony jest przez ekspertów branzowych i jest odpowiedni zarówno dla poczatkujacych,",785.0000,26
146,Weterynaria: Opieka nad Zwierzetami,1069,Kurs Weterynaria: Opieka nad Zwierzetami obejmuje wszystkie podstawowe i zaawansowane kwestie oraz zapewnia praktyczne doswiadczenie z projektami z prawdziwego swiata. Kurs prowadzony jest przez ekspertów branzowych i jest odpowiedni zarówno dla poczatkuj,669.0000,18
147,Tworzenie Aplikacji Mobilnych,206,"Kurs Tworzenie Aplikacji Mobilnych obejmuje wszystkie podstawowe i zaawansowane kwestie oraz zapewnia praktyczne doswiadczenie z projektami z prawdziwego swiata. Kurs prowadzony jest przez ekspertów branzowych i jest odpowiedni zarówno dla poczatkujacych,",1565.0000,30
148,Podstawy Fizyki Kwantowej,580,"Kurs Podstawy Fizyki Kwantowej obejmuje wszystkie podstawowe i zaawansowane kwestie oraz zapewnia praktyczne doswiadczenie z projektami z prawdziwego swiata. Kurs prowadzony jest przez ekspertów branzowych i jest odpowiedni zarówno dla poczatkujacych, jak",765.0000,22
149,Programowanie Obiektowe: Java i Python,120,Kurs Programowanie Obiektowe: Java i Python obejmuje wszystkie podstawowe i zaawansowane kwestie oraz zapewnia praktyczne doswiadczenie z projektami z prawdziwego swiata. Kurs prowadzony jest przez ekspertów branzowych i jest odpowiedni zarówno dla poczat,1570.0000,20
150,Tworzenie Aplikacji SaaS: Salesforce i S,828,Kurs Tworzenie Aplikacji SaaS: Salesforce i Slack obejmuje wszystkie podstawowe i zaawansowane kwestie oraz zapewnia praktyczne doswiadczenie z projektami z prawdziwego swiata. Kurs prowadzony jest przez ekspertów branzowych i jest odpowiedni zarówno dla ,1325.0000,
151,Terapia Zajeciowa: Przywracanie Funkcjon,531,Kurs Terapia Zajeciowa: Przywracanie Funkcjonalnosci obejmuje wszystkie podstawowe i zaawansowane kwestie oraz zapewnia praktyczne doswiadczenie z projektami z prawdziwego swiata. Kurs prowadzony jest przez ekspertów branzowych i jest odpowiedni zarówno d,1565.0000,23
152,Blockchain: Zastosowania i Implementacje,531,Kurs Blockchain: Zastosowania i Implementacje obejmuje wszystkie podstawowe i zaawansowane kwestie oraz zapewnia praktyczne doswiadczenie z projektami z prawdziwego swiata. Kurs prowadzony jest przez ekspertów branzowych i jest odpowiedni zarówno dla pocz,1570.0000,70
153,Zarzadzanie Incydentami Bezpieczenstwa,433,Kurs Zarzadzanie Incydentami Bezpieczenstwa obejmuje wszystkie podstawowe i zaawansowane kwestie oraz zapewnia praktyczne doswiadczenie z projektami z prawdziwego swiata. Kurs prowadzony jest przez ekspertów branzowych i jest odpowiedni zarówno dla poczat,1419.0000,19
154,Biotechnologia: Podstawy i Aplikacje,852,Kurs Biotechnologia: Podstawy i Aplikacje obejmuje wszystkie podstawowe i zaawansowane kwestie oraz zapewnia praktyczne doswiadczenie z projektami z prawdziwego swiata. Kurs prowadzony jest przez ekspertów branzowych i jest odpowiedni zarówno dla poczatku,1315.0000,18
155,Kurs Julii: Jezyk dla Obliczen Naukowych,926,Kurs Kurs Julii: Jezyk dla Obliczen Naukowych obejmuje wszystkie podstawowe i zaawansowane kwestie oraz zapewnia praktyczne doswiadczenie z projektami z prawdziwego swiata. Kurs prowadzony jest przez ekspertów branzowych i jest odpowiedni zarówno dla pocz,415.0000,21
156,Podstawy Robotyki,975,"Kurs Podstawy Robotyki obejmuje wszystkie podstawowe i zaawansowane kwestie oraz zapewnia praktyczne doswiadczenie z projektami z prawdziwego swiata. Kurs prowadzony jest przez ekspertów branzowych i jest odpowiedni zarówno dla poczatkujacych, jak i doswi",970.0000,29
157,Wprowadzenie do Ady,269,"Kurs Wprowadzenie do Ady obejmuje wszystkie podstawowe i zaawansowane kwestie oraz zapewnia praktyczne doswiadczenie z projektami z prawdziwego swiata. Kurs prowadzony jest przez ekspertów branzowych i jest odpowiedni zarówno dla poczatkujacych, jak i dos",1285.0000,28
158,Glebokie Uczenie: Neural Networks,898,Kurs Glebokie Uczenie: Neural Networks obejmuje wszystkie podstawowe i zaawansowane kwestie oraz zapewnia praktyczne doswiadczenie z projektami z prawdziwego swiata. Kurs prowadzony jest przez ekspertów branzowych i jest odpowiedni zarówno dla poczatkujac,1410.0000,22
159,Druk 3D dla Poczatkujacych,137,"Kurs Druk 3D dla Poczatkujacych obejmuje wszystkie podstawowe i zaawansowane kwestie oraz zapewnia praktyczne doswiadczenie z projektami z prawdziwego swiata. Kurs prowadzony jest przez ekspertów branzowych i jest odpowiedni zarówno dla poczatkujacych, ja",529.0000,27
160,Weterynaria: Opieka nad Zwierzetami,265,Kurs Weterynaria: Opieka nad Zwierzetami obejmuje wszystkie podstawowe i zaawansowane kwestie oraz zapewnia praktyczne doswiadczenie z projektami z prawdziwego swiata. Kurs prowadzony jest przez ekspertów branzowych i jest odpowiedni zarówno dla poczatkuj,955.0000,47
161,Zarzadzanie Projektami IT: Scrum i Agile,867,Kurs Zarzadzanie Projektami IT: Scrum i Agile obejmuje wszystkie podstawowe i zaawansowane kwestie oraz zapewnia praktyczne doswiadczenie z projektami z prawdziwego swiata. Kurs prowadzony jest przez ekspertów branzowych i jest odpowiedni zarówno dla pocz,545.0000,24
162,Tworzenie Aplikacji Edukacyjnych: Moodle,975,Kurs Tworzenie Aplikacji Edukacyjnych: Moodle i Blackboard obejmuje wszystkie podstawowe i zaawansowane kwestie oraz zapewnia praktyczne doswiadczenie z projektami z prawdziwego swiata. Kurs prowadzony jest przez ekspertów branzowych i jest odpowiedni zar,920.0000,
163,Wprowadzenie do Ady,137,"Kurs Wprowadzenie do Ady obejmuje wszystkie podstawowe i zaawansowane kwestie oraz zapewnia praktyczne doswiadczenie z projektami z prawdziwego swiata. Kurs prowadzony jest przez ekspertów branzowych i jest odpowiedni zarówno dla poczatkujacych, jak i dos",1420.0000,58
164,Tworzenie Aplikacji Naukowych: MATLAB i ,1051,Kurs Tworzenie Aplikacji Naukowych: MATLAB i LabVIEW obejmuje wszystkie podstawowe i zaawansowane kwestie oraz zapewnia praktyczne doswiadczenie z projektami z prawdziwego swiata. Kurs prowadzony jest przez ekspertów branzowych i jest odpowiedni zarówno d,1265.0000,21
165,Filozofia: Wprowadzenie do Myslenia Kryt,513,Kurs Filozofia: Wprowadzenie do Myslenia Krytycznego obejmuje wszystkie podstawowe i zaawansowane kwestie oraz zapewnia praktyczne doswiadczenie z projektami z prawdziwego swiata. Kurs prowadzony jest przez ekspertów branzowych i jest odpowiedni zarówno d,1099.0000,19
166,Tworzenie Aplikacji JAMstack: JavaScript,583,"Kurs Tworzenie Aplikacji JAMstack: JavaScript, APIs, Markup obejmuje wszystkie podstawowe i zaawansowane kwestie oraz zapewnia praktyczne doswiadczenie z projektami z prawdziwego swiata. Kurs prowadzony jest przez ekspertów branzowych i jest odpowiedni za",535.0000,19
167,Tworzenie Aplikacji VR-first: VR-first D,952,Kurs Tworzenie Aplikacji VR-first: VR-first Design obejmuje wszystkie podstawowe i zaawansowane kwestie oraz zapewnia praktyczne doswiadczenie z projektami z prawdziwego swiata. Kurs prowadzony jest przez ekspertów branzowych i jest odpowiedni zarówno dla,1519.0000,23
168,Tworzenie Aplikacji Finansowych: Financi,203,Kurs Tworzenie Aplikacji Finansowych: Financial Applications obejmuje wszystkie podstawowe i zaawansowane kwestie oraz zapewnia praktyczne doswiadczenie z projektami z prawdziwego swiata. Kurs prowadzony jest przez ekspertów branzowych i jest odpowiedni z,1215.0000,28
169,Tworzenie Aplikacji 3D: Blender i Maya,269,Kurs Tworzenie Aplikacji 3D: Blender i Maya obejmuje wszystkie podstawowe i zaawansowane kwestie oraz zapewnia praktyczne doswiadczenie z projektami z prawdziwego swiata. Kurs prowadzony jest przez ekspertów branzowych i jest odpowiedni zarówno dla poczat,580.0000,18
170,Logopedia: Terapia Mowy,531,"Kurs Logopedia: Terapia Mowy obejmuje wszystkie podstawowe i zaawansowane kwestie oraz zapewnia praktyczne doswiadczenie z projektami z prawdziwego swiata. Kurs prowadzony jest przez ekspertów branzowych i jest odpowiedni zarówno dla poczatkujacych, jak i",1400.0000,20
171,Kryptografia dla Programistów,852,"Kurs Kryptografia dla Programistów obejmuje wszystkie podstawowe i zaawansowane kwestie oraz zapewnia praktyczne doswiadczenie z projektami z prawdziwego swiata. Kurs prowadzony jest przez ekspertów branzowych i jest odpowiedni zarówno dla poczatkujacych,",645.0000,19
172,Tworzenie Aplikacji 2D: GIMP i Inkscape,852,Kurs Tworzenie Aplikacji 2D: GIMP i Inkscape obejmuje wszystkie podstawowe i zaawansowane kwestie oraz zapewnia praktyczne doswiadczenie z projektami z prawdziwego swiata. Kurs prowadzony jest przez ekspertów branzowych i jest odpowiedni zarówno dla pocza,419.0000,20
173,Fizyka Czastek: Eksploracja Mikrokosmosu,605,Kurs Fizyka Czastek: Eksploracja Mikrokosmosu obejmuje wszystkie podstawowe i zaawansowane kwestie oraz zapewnia praktyczne doswiadczenie z projektami z prawdziwego swiata. Kurs prowadzony jest przez ekspertów branzowych i jest odpowiedni zarówno dla pocz,775.0000,26
174,FinTech: Przyszlosc Finansów,898,"Kurs FinTech: Przyszlosc Finansów obejmuje wszystkie podstawowe i zaawansowane kwestie oraz zapewnia praktyczne doswiadczenie z projektami z prawdziwego swiata. Kurs prowadzony jest przez ekspertów branzowych i jest odpowiedni zarówno dla poczatkujacych, ",1090.0000,22
175,Tworzenie Aplikacji VR-first: VR-first D,926,Kurs Tworzenie Aplikacji VR-first: VR-first Design obejmuje wszystkie podstawowe i zaawansowane kwestie oraz zapewnia praktyczne doswiadczenie z projektami z prawdziwego swiata. Kurs prowadzony jest przez ekspertów branzowych i jest odpowiedni zarówno dla,1255.0000,29
176,Rozszerzona Rzeczywistosc w Praktyce,531,Kurs Rozszerzona Rzeczywistosc w Praktyce obejmuje wszystkie podstawowe i zaawansowane kwestie oraz zapewnia praktyczne doswiadczenie z projektami z prawdziwego swiata. Kurs prowadzony jest przez ekspertów branzowych i jest odpowiedni zarówno dla poczatku,1535.0000,23
177,Tworzenie Bezpiecznych Aplikacji Webowyc,433,Kurs Tworzenie Bezpiecznych Aplikacji Webowych obejmuje wszystkie podstawowe i zaawansowane kwestie oraz zapewnia praktyczne doswiadczenie z projektami z prawdziwego swiata. Kurs prowadzony jest przez ekspertów branzowych i jest odpowiedni zarówno dla poc,1060.0000,19
178,Eksploracja Kosmosu,852,"Kurs Eksploracja Kosmosu obejmuje wszystkie podstawowe i zaawansowane kwestie oraz zapewnia praktyczne doswiadczenie z projektami z prawdziwego swiata. Kurs prowadzony jest przez ekspertów branzowych i jest odpowiedni zarówno dla poczatkujacych, jak i dos",1545.0000,19
179,Tworzenie Aplikacji Blockchain: Ethereum,403,Kurs Tworzenie Aplikacji Blockchain: Ethereum i Hyperledger obejmuje wszystkie podstawowe i zaawansowane kwestie oraz zapewnia praktyczne doswiadczenie z projektami z prawdziwego swiata. Kurs prowadzony jest przez ekspertów branzowych i jest odpowiedni za,729.0000,36
180,Inzynieria Genetyczna,120,"Kurs Inzynieria Genetyczna obejmuje wszystkie podstawowe i zaawansowane kwestie oraz zapewnia praktyczne doswiadczenie z projektami z prawdziwego swiata. Kurs prowadzony jest przez ekspertów branzowych i jest odpowiedni zarówno dla poczatkujacych, jak i d",1360.0000,24
181,Tworzenie Aplikacji AI: TensorFlow i PyT,13,Kurs Tworzenie Aplikacji AI: TensorFlow i PyTorch obejmuje wszystkie podstawowe i zaawansowane kwestie oraz zapewnia praktyczne doswiadczenie z projektami z prawdziwego swiata. Kurs prowadzony jest przez ekspertów branzowych i jest odpowiedni zarówno dla ,475.0000,24
182,Podstawy Asemblera,199,"Kurs Podstawy Asemblera obejmuje wszystkie podstawowe i zaawansowane kwestie oraz zapewnia praktyczne doswiadczenie z projektami z prawdziwego swiata. Kurs prowadzony jest przez ekspertów branzowych i jest odpowiedni zarówno dla poczatkujacych, jak i dosw",1139.0000,28
183,Inzynieria Genetyczna,728,"Kurs Inzynieria Genetyczna obejmuje wszystkie podstawowe i zaawansowane kwestie oraz zapewnia praktyczne doswiadczenie z projektami z prawdziwego swiata. Kurs prowadzony jest przez ekspertów branzowych i jest odpowiedni zarówno dla poczatkujacych, jak i d",635.0000,19
184,Tworzenie Aplikacji Mobilnych: Android i,728,Kurs Tworzenie Aplikacji Mobilnych: Android i iOS obejmuje wszystkie podstawowe i zaawansowane kwestie oraz zapewnia praktyczne doswiadczenie z projektami z prawdziwego swiata. Kurs prowadzony jest przez ekspertów branzowych i jest odpowiedni zarówno dla ,719.0000,
185,Inzynieria Elektryczna: Systemy i Zastos,513,Kurs Inzynieria Elektryczna: Systemy i Zastosowania obejmuje wszystkie podstawowe i zaawansowane kwestie oraz zapewnia praktyczne doswiadczenie z projektami z prawdziwego swiata. Kurs prowadzony jest przez ekspertów branzowych i jest odpowiedni zarówno dl,1469.0000,20
186,Zarzadzanie Opieka Zdrowotna,1069,"Kurs Zarzadzanie Opieka Zdrowotna obejmuje wszystkie podstawowe i zaawansowane kwestie oraz zapewnia praktyczne doswiadczenie z projektami z prawdziwego swiata. Kurs prowadzony jest przez ekspertów branzowych i jest odpowiedni zarówno dla poczatkujacych, ",989.0000,28
187,Nauka o Materialach: Wprowadzenie,898,Kurs Nauka o Materialach: Wprowadzenie obejmuje wszystkie podstawowe i zaawansowane kwestie oraz zapewnia praktyczne doswiadczenie z projektami z prawdziwego swiata. Kurs prowadzony jest przez ekspertów branzowych i jest odpowiedni zarówno dla poczatkujac,1330.0000,46
188,Druk 3D dla Poczatkujacych,563,"Kurs Druk 3D dla Poczatkujacych obejmuje wszystkie podstawowe i zaawansowane kwestie oraz zapewnia praktyczne doswiadczenie z projektami z prawdziwego swiata. Kurs prowadzony jest przez ekspertów branzowych i jest odpowiedni zarówno dla poczatkujacych, ja",1039.0000,45
189,Programowanie Obiektowe: Java i Python,120,Kurs Programowanie Obiektowe: Java i Python obejmuje wszystkie podstawowe i zaawansowane kwestie oraz zapewnia praktyczne doswiadczenie z projektami z prawdziwego swiata. Kurs prowadzony jest przez ekspertów branzowych i jest odpowiedni zarówno dla poczat,1169.0000,19
190,Literatura: Klasyka i Nowoczesnosc,513,Kurs Literatura: Klasyka i Nowoczesnosc obejmuje wszystkie podstawowe i zaawansowane kwestie oraz zapewnia praktyczne doswiadczenie z projektami z prawdziwego swiata. Kurs prowadzony jest przez ekspertów branzowych i jest odpowiedni zarówno dla poczatkuja,559.0000,19
191,Drony: Programowanie i Zastosowania,433,Kurs Drony: Programowanie i Zastosowania obejmuje wszystkie podstawowe i zaawansowane kwestie oraz zapewnia praktyczne doswiadczenie z projektami z prawdziwego swiata. Kurs prowadzony jest przez ekspertów branzowych i jest odpowiedni zarówno dla poczatkuj,959.0000,20
192,Fizyka: Klasyczna i Wspólczesna,206,Kurs Fizyka: Klasyczna i Wspólczesna obejmuje wszystkie podstawowe i zaawansowane kwestie oraz zapewnia praktyczne doswiadczenie z projektami z prawdziwego swiata. Kurs prowadzony jest przez ekspertów branzowych i jest odpowiedni zarówno dla poczatkujacyc,1349.0000,28
193,Tworzenie Aplikacji Chmurowych: AWS i Az,13,Kurs Tworzenie Aplikacji Chmurowych: AWS i Azure obejmuje wszystkie podstawowe i zaawansowane kwestie oraz zapewnia praktyczne doswiadczenie z projektami z prawdziwego swiata. Kurs prowadzony jest przez ekspertów branzowych i jest odpowiedni zarówno dla p,695.0000,19
194,Wprowadzenie do Tworzenia Gier,728,Kurs Wprowadzenie do Tworzenia Gier obejmuje wszystkie podstawowe i zaawansowane kwestie oraz zapewnia praktyczne doswiadczenie z projektami z prawdziwego swiata. Kurs prowadzony jest przez ekspertów branzowych i jest odpowiedni zarówno dla poczatkujacych,1380.0000,18
195,Kurs Julii: Jezyk dla Obliczen Naukowych,583,Kurs Kurs Julii: Jezyk dla Obliczen Naukowych obejmuje wszystkie podstawowe i zaawansowane kwestie oraz zapewnia praktyczne doswiadczenie z projektami z prawdziwego swiata. Kurs prowadzony jest przez ekspertów branzowych i jest odpowiedni zarówno dla pocz,425.0000,21
196,Terapia Zajeciowa: Przywracanie Funkcjon,13,Kurs Terapia Zajeciowa: Przywracanie Funkcjonalnosci obejmuje wszystkie podstawowe i zaawansowane kwestie oraz zapewnia praktyczne doswiadczenie z projektami z prawdziwego swiata. Kurs prowadzony jest przez ekspertów branzowych i jest odpowiedni zarówno d,995.0000,
197,Medycyna: Anatomia i Diagnostyka,403,Kurs Medycyna: Anatomia i Diagnostyka obejmuje wszystkie podstawowe i zaawansowane kwestie oraz zapewnia praktyczne doswiadczenie z projektami z prawdziwego swiata. Kurs prowadzony jest przez ekspertów branzowych i jest odpowiedni zarówno dla poczatkujacy,630.0000,30
198,Tworzenie Aplikacji Native: Swift i Kotl,693,Kurs Tworzenie Aplikacji Native: Swift i Kotlin obejmuje wszystkie podstawowe i zaawansowane kwestie oraz zapewnia praktyczne doswiadczenie z projektami z prawdziwego swiata. Kurs prowadzony jest przez ekspertów branzowych i jest odpowiedni zarówno dla po,905.0000,19
199,Internet Rzeczy: Zastosowania,206,"Kurs Internet Rzeczy: Zastosowania obejmuje wszystkie podstawowe i zaawansowane kwestie oraz zapewnia praktyczne doswiadczenie z projektami z prawdziwego swiata. Kurs prowadzony jest przez ekspertów branzowych i jest odpowiedni zarówno dla poczatkujacych,",780.0000,19
200,Tworzenie Bezpiecznych Aplikacji Webowyc,828,Kurs Tworzenie Bezpiecznych Aplikacji Webowych obejmuje wszystkie podstawowe i zaawansowane kwestie oraz zapewnia praktyczne doswiadczenie z projektami z prawdziwego swiata. Kurs prowadzony jest przez ekspertów branzowych i jest odpowiedni zarówno dla poc,1340.0000,18
201,Tworzenie Aplikacji w Elixirze,13,Kurs Tworzenie Aplikacji w Elixirze obejmuje wszystkie podstawowe i zaawansowane kwestie oraz zapewnia praktyczne doswiadczenie z projektami z prawdziwego swiata. Kurs prowadzony jest przez ekspertów branzowych i jest odpowiedni zarówno dla poczatkujacych,689.0000,19
202,Tworzenie Aplikacji Finansowych: Bloombe,828,Kurs Tworzenie Aplikacji Finansowych: Bloomberg i Reuters obejmuje wszystkie podstawowe i zaawansowane kwestie oraz zapewnia praktyczne doswiadczenie z projektami z prawdziwego swiata. Kurs prowadzony jest przez ekspertów branzowych i jest odpowiedni zaró,599.0000,24
203,Matlab dla Inzynierów,961,"Kurs Matlab dla Inzynierów obejmuje wszystkie podstawowe i zaawansowane kwestie oraz zapewnia praktyczne doswiadczenie z projektami z prawdziwego swiata. Kurs prowadzony jest przez ekspertów branzowych i jest odpowiedni zarówno dla poczatkujacych, jak i d",570.0000,24
204,Biochemia: Podstawy Zycia,206,"Kurs Biochemia: Podstawy Zycia obejmuje wszystkie podstawowe i zaawansowane kwestie oraz zapewnia praktyczne doswiadczenie z projektami z prawdziwego swiata. Kurs prowadzony jest przez ekspertów branzowych i jest odpowiedni zarówno dla poczatkujacych, jak",1119.0000,29
205,FinTech: Przyszlosc Finansów,631,"Kurs FinTech: Przyszlosc Finansów obejmuje wszystkie podstawowe i zaawansowane kwestie oraz zapewnia praktyczne doswiadczenie z projektami z prawdziwego swiata. Kurs prowadzony jest przez ekspertów branzowych i jest odpowiedni zarówno dla poczatkujacych, ",1260.0000,18
206,Tworzenie Aplikacji Hybrydowych: Ionic i,366,Kurs Tworzenie Aplikacji Hybrydowych: Ionic i PhoneGap obejmuje wszystkie podstawowe i zaawansowane kwestie oraz zapewnia praktyczne doswiadczenie z projektami z prawdziwego swiata. Kurs prowadzony jest przez ekspertów branzowych i jest odpowiedni zarówno,679.0000,50
207,Tworzenie Aplikacji PWA: Progressive Web,206,Kurs Tworzenie Aplikacji PWA: Progressive Web Applications obejmuje wszystkie podstawowe i zaawansowane kwestie oraz zapewnia praktyczne doswiadczenie z projektami z prawdziwego swiata. Kurs prowadzony jest przez ekspertów branzowych i jest odpowiedni zar,1570.0000,20
208,Logopedia: Terapia Mowy,269,"Kurs Logopedia: Terapia Mowy obejmuje wszystkie podstawowe i zaawansowane kwestie oraz zapewnia praktyczne doswiadczenie z projektami z prawdziwego swiata. Kurs prowadzony jest przez ekspertów branzowych i jest odpowiedni zarówno dla poczatkujacych, jak i",1500.0000,18
209,Podstawy Mikroekonomii: Zasady Dzialania,1056,Kurs Podstawy Mikroekonomii: Zasady Dzialania Rynku obejmuje wszystkie podstawowe i zaawansowane kwestie oraz zapewnia praktyczne doswiadczenie z projektami z prawdziwego swiata. Kurs prowadzony jest przez ekspertów branzowych i jest odpowiedni zarówno dl,460.0000,18
210,Fizjoterapia: Ruch i Rehabilitacja,728,Kurs Fizjoterapia: Ruch i Rehabilitacja obejmuje wszystkie podstawowe i zaawansowane kwestie oraz zapewnia praktyczne doswiadczenie z projektami z prawdziwego swiata. Kurs prowadzony jest przez ekspertów branzowych i jest odpowiedni zarówno dla poczatkuja,1520.0000,18
211,Tworzenie Aplikacji Hybrydowych: Ionic i,693,Kurs Tworzenie Aplikacji Hybrydowych: Ionic i PhoneGap obejmuje wszystkie podstawowe i zaawansowane kwestie oraz zapewnia praktyczne doswiadczenie z projektami z prawdziwego swiata. Kurs prowadzony jest przez ekspertów branzowych i jest odpowiedni zarówno,445.0000,40
212,Inzynieria Mechaniczna: Od Podstaw do Za,433,Kurs Inzynieria Mechaniczna: Od Podstaw do Zaawansowania obejmuje wszystkie podstawowe i zaawansowane kwestie oraz zapewnia praktyczne doswiadczenie z projektami z prawdziwego swiata. Kurs prowadzony jest przez ekspertów branzowych i jest odpowiedni zarów,1169.0000,28
213,Cyberbezpieczenstwo: Podstawy,605,"Kurs Cyberbezpieczenstwo: Podstawy obejmuje wszystkie podstawowe i zaawansowane kwestie oraz zapewnia praktyczne doswiadczenie z projektami z prawdziwego swiata. Kurs prowadzony jest przez ekspertów branzowych i jest odpowiedni zarówno dla poczatkujacych,",860.0000,23
214,Nanotechnologia: Od Teorii do Praktyki,914,Kurs Nanotechnologia: Od Teorii do Praktyki obejmuje wszystkie podstawowe i zaawansowane kwestie oraz zapewnia praktyczne doswiadczenie z projektami z prawdziwego swiata. Kurs prowadzony jest przez ekspertów branzowych i jest odpowiedni zarówno dla poczat,465.0000,
215,Fizyka Czastek: Eksploracja Mikrokosmosu,137,Kurs Fizyka Czastek: Eksploracja Mikrokosmosu obejmuje wszystkie podstawowe i zaawansowane kwestie oraz zapewnia praktyczne doswiadczenie z projektami z prawdziwego swiata. Kurs prowadzony jest przez ekspertów branzowych i jest odpowiedni zarówno dla pocz,1499.0000,26
216,Zarzadzanie Opieka Zdrowotna,366,"Kurs Zarzadzanie Opieka Zdrowotna obejmuje wszystkie podstawowe i zaawansowane kwestie oraz zapewnia praktyczne doswiadczenie z projektami z prawdziwego swiata. Kurs prowadzony jest przez ekspertów branzowych i jest odpowiedni zarówno dla poczatkujacych, ",1120.0000,36
217,Fizjoterapia: Ruch i Rehabilitacja,203,Kurs Fizjoterapia: Ruch i Rehabilitacja obejmuje wszystkie podstawowe i zaawansowane kwestie oraz zapewnia praktyczne doswiadczenie z projektami z prawdziwego swiata. Kurs prowadzony jest przez ekspertów branzowych i jest odpowiedni zarówno dla poczatkuja,649.0000,18
218,Drony: Programowanie i Zastosowania,137,Kurs Drony: Programowanie i Zastosowania obejmuje wszystkie podstawowe i zaawansowane kwestie oraz zapewnia praktyczne doswiadczenie z projektami z prawdziwego swiata. Kurs prowadzony jest przez ekspertów branzowych i jest odpowiedni zarówno dla poczatkuj,1170.0000,19
219,Zywienie: Zasady i Praktyka,914,"Kurs Zywienie: Zasady i Praktyka obejmuje wszystkie podstawowe i zaawansowane kwestie oraz zapewnia praktyczne doswiadczenie z projektami z prawdziwego swiata. Kurs prowadzony jest przez ekspertów branzowych i jest odpowiedni zarówno dla poczatkujacych, j",1079.0000,20
220,Tworzenie Aplikacji Cross-platform: Flut,693,Kurs Tworzenie Aplikacji Cross-platform: Flutter i Xamarin obejmuje wszystkie podstawowe i zaawansowane kwestie oraz zapewnia praktyczne doswiadczenie z projektami z prawdziwego swiata. Kurs prowadzony jest przez ekspertów branzowych i jest odpowiedni zar,959.0000,35
221,Internet Rzeczy: Zastosowania,583,"Kurs Internet Rzeczy: Zastosowania obejmuje wszystkie podstawowe i zaawansowane kwestie oraz zapewnia praktyczne doswiadczenie z projektami z prawdziwego swiata. Kurs prowadzony jest przez ekspertów branzowych i jest odpowiedni zarówno dla poczatkujacych,",759.0000,28
222,Podstawy Chmury Obliczeniowej,137,"Kurs Podstawy Chmury Obliczeniowej obejmuje wszystkie podstawowe i zaawansowane kwestie oraz zapewnia praktyczne doswiadczenie z projektami z prawdziwego swiata. Kurs prowadzony jest przez ekspertów branzowych i jest odpowiedni zarówno dla poczatkujacych,",1189.0000,
223,Bezpieczenstwo Chmury: Best Practices,961,Kurs Bezpieczenstwo Chmury: Best Practices obejmuje wszystkie podstawowe i zaawansowane kwestie oraz zapewnia praktyczne doswiadczenie z projektami z prawdziwego swiata. Kurs prowadzony jest przez ekspertów branzowych i jest odpowiedni zarówno dla poczatk,635.0000,19
224,Glebokie Uczenie: Neural Networks,137,Kurs Glebokie Uczenie: Neural Networks obejmuje wszystkie podstawowe i zaawansowane kwestie oraz zapewnia praktyczne doswiadczenie z projektami z prawdziwego swiata. Kurs prowadzony jest przez ekspertów branzowych i jest odpowiedni zarówno dla poczatkujac,1250.0000,19
225,Tworzenie Aplikacji JAMstack: JavaScript,1056,"Kurs Tworzenie Aplikacji JAMstack: JavaScript, APIs, Markup obejmuje wszystkie podstawowe i zaawansowane kwestie oraz zapewnia praktyczne doswiadczenie z projektami z prawdziwego swiata. Kurs prowadzony jest przez ekspertów branzowych i jest odpowiedni za",1290.0000,20
226,Zarzadzanie Projektami IT: Scrum i Agile,914,Kurs Zarzadzanie Projektami IT: Scrum i Agile obejmuje wszystkie podstawowe i zaawansowane kwestie oraz zapewnia praktyczne doswiadczenie z projektami z prawdziwego swiata. Kurs prowadzony jest przez ekspertów branzowych i jest odpowiedni zarówno dla pocz,1395.0000,19
227,Muzyka: Teoria i Praktyka,13,"Kurs Muzyka: Teoria i Praktyka obejmuje wszystkie podstawowe i zaawansowane kwestie oraz zapewnia praktyczne doswiadczenie z projektami z prawdziwego swiata. Kurs prowadzony jest przez ekspertów branzowych i jest odpowiedni zarówno dla poczatkujacych, jak",990.0000,21
228,Sztuka: Wprowadzenie do Technik,580,Kurs Sztuka: Wprowadzenie do Technik obejmuje wszystkie podstawowe i zaawansowane kwestie oraz zapewnia praktyczne doswiadczenie z projektami z prawdziwego swiata. Kurs prowadzony jest przez ekspertów branzowych i jest odpowiedni zarówno dla poczatkujacyc,1110.0000,18
229,Tworzenie Aplikacji Edukacyjnych: Educat,269,Kurs Tworzenie Aplikacji Edukacyjnych: Educational Applications obejmuje wszystkie podstawowe i zaawansowane kwestie oraz zapewnia praktyczne doswiadczenie z projektami z prawdziwego swiata. Kurs prowadzony jest przez ekspertów branzowych i jest odpowiedn,695.0000,18
230,Wprowadzenie do Ady,513,"Kurs Wprowadzenie do Ady obejmuje wszystkie podstawowe i zaawansowane kwestie oraz zapewnia praktyczne doswiadczenie z projektami z prawdziwego swiata. Kurs prowadzony jest przez ekspertów branzowych i jest odpowiedni zarówno dla poczatkujacych, jak i dos",1555.0000,18
231,Muzyka: Teoria i Praktyka,137,"Kurs Muzyka: Teoria i Praktyka obejmuje wszystkie podstawowe i zaawansowane kwestie oraz zapewnia praktyczne doswiadczenie z projektami z prawdziwego swiata. Kurs prowadzony jest przez ekspertów branzowych i jest odpowiedni zarówno dla poczatkujacych, jak",1300.0000,22
232,Zarzadzanie Incydentami Bezpieczenstwa,433,Kurs Zarzadzanie Incydentami Bezpieczenstwa obejmuje wszystkie podstawowe i zaawansowane kwestie oraz zapewnia praktyczne doswiadczenie z projektami z prawdziwego swiata. Kurs prowadzony jest przez ekspertów branzowych i jest odpowiedni zarówno dla poczat,505.0000,24
233,Docker: Tworzenie i Zarzadzanie Kontener,206,Kurs Docker: Tworzenie i Zarzadzanie Kontenerami obejmuje wszystkie podstawowe i zaawansowane kwestie oraz zapewnia praktyczne doswiadczenie z projektami z prawdziwego swiata. Kurs prowadzony jest przez ekspertów branzowych i jest odpowiedni zarówno dla p,1515.0000,20
234,Tworzenie Aplikacji Mobilnych: Android i,433,Kurs Tworzenie Aplikacji Mobilnych: Android i iOS obejmuje wszystkie podstawowe i zaawansowane kwestie oraz zapewnia praktyczne doswiadczenie z projektami z prawdziwego swiata. Kurs prowadzony jest przez ekspertów branzowych i jest odpowiedni zarówno dla ,420.0000,19
235,Tworzenie Aplikacji 3D: Blender i Maya,269,Kurs Tworzenie Aplikacji 3D: Blender i Maya obejmuje wszystkie podstawowe i zaawansowane kwestie oraz zapewnia praktyczne doswiadczenie z projektami z prawdziwego swiata. Kurs prowadzony jest przez ekspertów branzowych i jest odpowiedni zarówno dla poczat,1230.0000,18
236,Tworzenie Aplikacji Mobilnych: Android i,315,Kurs Tworzenie Aplikacji Mobilnych: Android i iOS obejmuje wszystkie podstawowe i zaawansowane kwestie oraz zapewnia praktyczne doswiadczenie z projektami z prawdziwego swiata. Kurs prowadzony jest przez ekspertów branzowych i jest odpowiedni zarówno dla ,405.0000,45
237,Bezpieczenstwo Chmury: Best Practices,631,Kurs Bezpieczenstwo Chmury: Best Practices obejmuje wszystkie podstawowe i zaawansowane kwestie oraz zapewnia praktyczne doswiadczenie z projektami z prawdziwego swiata. Kurs prowadzony jest przez ekspertów branzowych i jest odpowiedni zarówno dla poczatk,749.0000,29
238,Kubernetes dla Poczatkujacych,137,"Kurs Kubernetes dla Poczatkujacych obejmuje wszystkie podstawowe i zaawansowane kwestie oraz zapewnia praktyczne doswiadczenie z projektami z prawdziwego swiata. Kurs prowadzony jest przez ekspertów branzowych i jest odpowiedni zarówno dla poczatkujacych,",775.0000,58
239,Glebokie Uczenie: Neural Networks,13,Kurs Glebokie Uczenie: Neural Networks obejmuje wszystkie podstawowe i zaawansowane kwestie oraz zapewnia praktyczne doswiadczenie z projektami z prawdziwego swiata. Kurs prowadzony jest przez ekspertów branzowych i jest odpowiedni zarówno dla poczatkujac,1015.0000,24
240,Programowanie Strukturalne: C i Pascal,13,Kurs Programowanie Strukturalne: C i Pascal obejmuje wszystkie podstawowe i zaawansowane kwestie oraz zapewnia praktyczne doswiadczenie z projektami z prawdziwego swiata. Kurs prowadzony jest przez ekspertów branzowych i jest odpowiedni zarówno dla poczat,920.0000,40
241,Big Data: Analiza i Zarzadzanie,975,Kurs Big Data: Analiza i Zarzadzanie obejmuje wszystkie podstawowe i zaawansowane kwestie oraz zapewnia praktyczne doswiadczenie z projektami z prawdziwego swiata. Kurs prowadzony jest przez ekspertów branzowych i jest odpowiedni zarówno dla poczatkujacyc,859.0000,18
242,Systemy Operacyjne: Linux w Praktyce,513,Kurs Systemy Operacyjne: Linux w Praktyce obejmuje wszystkie podstawowe i zaawansowane kwestie oraz zapewnia praktyczne doswiadczenie z projektami z prawdziwego swiata. Kurs prowadzony jest przez ekspertów branzowych i jest odpowiedni zarówno dla poczatku,965.0000,45
243,Inzynieria Elektryczna: Systemy i Zastos,615,Kurs Inzynieria Elektryczna: Systemy i Zastosowania obejmuje wszystkie podstawowe i zaawansowane kwestie oraz zapewnia praktyczne doswiadczenie z projektami z prawdziwego swiata. Kurs prowadzony jest przez ekspertów branzowych i jest odpowiedni zarówno dl,579.0000,20
244,Cyberbezpieczenstwo: Podstawy,513,"Kurs Cyberbezpieczenstwo: Podstawy obejmuje wszystkie podstawowe i zaawansowane kwestie oraz zapewnia praktyczne doswiadczenie z projektami z prawdziwego swiata. Kurs prowadzony jest przez ekspertów branzowych i jest odpowiedni zarówno dla poczatkujacych,",1490.0000,19
245,Medycyna: Anatomia i Diagnostyka,265,Kurs Medycyna: Anatomia i Diagnostyka obejmuje wszystkie podstawowe i zaawansowane kwestie oraz zapewnia praktyczne doswiadczenie z projektami z prawdziwego swiata. Kurs prowadzony jest przez ekspertów branzowych i jest odpowiedni zarówno dla poczatkujacy,1080.0000,18
246,Tworzenie Aplikacji AI: TensorFlow i PyT,314,Kurs Tworzenie Aplikacji AI: TensorFlow i PyTorch obejmuje wszystkie podstawowe i zaawansowane kwestie oraz zapewnia praktyczne doswiadczenie z projektami z prawdziwego swiata. Kurs prowadzony jest przez ekspertów branzowych i jest odpowiedni zarówno dla ,1030.0000,36
247,Przetwarzanie Jezyka Naturalnego,615,Kurs Przetwarzanie Jezyka Naturalnego obejmuje wszystkie podstawowe i zaawansowane kwestie oraz zapewnia praktyczne doswiadczenie z projektami z prawdziwego swiata. Kurs prowadzony jest przez ekspertów branzowych i jest odpowiedni zarówno dla poczatkujacy,1240.0000,25
248,Literatura: Klasyka i Nowoczesnosc,583,Kurs Literatura: Klasyka i Nowoczesnosc obejmuje wszystkie podstawowe i zaawansowane kwestie oraz zapewnia praktyczne doswiadczenie z projektami z prawdziwego swiata. Kurs prowadzony jest przez ekspertów branzowych i jest odpowiedni zarówno dla poczatkuja,1059.0000,27
249,Programowanie Reaktywne: Akka i RxJava,120,Kurs Programowanie Reaktywne: Akka i RxJava obejmuje wszystkie podstawowe i zaawansowane kwestie oraz zapewnia praktyczne doswiadczenie z projektami z prawdziwego swiata. Kurs prowadzony jest przez ekspertów branzowych i jest odpowiedni zarówno dla poczat,1075.0000,25
250,Weterynaria: Opieka nad Zwierzetami,199,Kurs Weterynaria: Opieka nad Zwierzetami obejmuje wszystkie podstawowe i zaawansowane kwestie oraz zapewnia praktyczne doswiadczenie z projektami z prawdziwego swiata. Kurs prowadzony jest przez ekspertów branzowych i jest odpowiedni zarówno dla poczatkuj,679.0000,27
251,Glebokie Uczenie: Neural Networks,852,Kurs Glebokie Uczenie: Neural Networks obejmuje wszystkie podstawowe i zaawansowane kwestie oraz zapewnia praktyczne doswiadczenie z projektami z prawdziwego swiata. Kurs prowadzony jest przez ekspertów branzowych i jest odpowiedni zarówno dla poczatkujac,1040.0000,19
252,Tworzenie Aplikacji PWA: Progressive Web,366,Kurs Tworzenie Aplikacji PWA: Progressive Web Apps obejmuje wszystkie podstawowe i zaawansowane kwestie oraz zapewnia praktyczne doswiadczenie z projektami z prawdziwego swiata. Kurs prowadzony jest przez ekspertów branzowych i jest odpowiedni zarówno dla,709.0000,21
253,Podstawy Rachunkowosci,269,"Kurs Podstawy Rachunkowosci obejmuje wszystkie podstawowe i zaawansowane kwestie oraz zapewnia praktyczne doswiadczenie z projektami z prawdziwego swiata. Kurs prowadzony jest przez ekspertów branzowych i jest odpowiedni zarówno dla poczatkujacych, jak i ",725.0000,18
254,Filozofia: Wprowadzenie do Myslenia Kryt,403,Kurs Filozofia: Wprowadzenie do Myslenia Krytycznego obejmuje wszystkie podstawowe i zaawansowane kwestie oraz zapewnia praktyczne doswiadczenie z projektami z prawdziwego swiata. Kurs prowadzony jest przez ekspertów branzowych i jest odpowiedni zarówno d,435.0000,20
255,Socjologia: Zrozumiec Spoleczenstwo,206,Kurs Socjologia: Zrozumiec Spoleczenstwo obejmuje wszystkie podstawowe i zaawansowane kwestie oraz zapewnia praktyczne doswiadczenie z projektami z prawdziwego swiata. Kurs prowadzony jest przez ekspertów branzowych i jest odpowiedni zarówno dla poczatkuj,879.0000,30
256,Tworzenie Aplikacji PWA: Progressive Web,433,Kurs Tworzenie Aplikacji PWA: Progressive Web Apps obejmuje wszystkie podstawowe i zaawansowane kwestie oraz zapewnia praktyczne doswiadczenie z projektami z prawdziwego swiata. Kurs prowadzony jest przez ekspertów branzowych i jest odpowiedni zarówno dla,1100.0000,30
257,Wirtualna Rzeczywistosc: Tworzenie Swiat,199,Kurs Wirtualna Rzeczywistosc: Tworzenie Swiatów obejmuje wszystkie podstawowe i zaawansowane kwestie oraz zapewnia praktyczne doswiadczenie z projektami z prawdziwego swiata. Kurs prowadzony jest przez ekspertów branzowych i jest odpowiedni zarówno dla po,1229.0000,28
258,Tworzenie Aplikacji Mobile-first: Mobile,1069,Kurs Tworzenie Aplikacji Mobile-first: Mobile-first Design obejmuje wszystkie podstawowe i zaawansowane kwestie oraz zapewnia praktyczne doswiadczenie z projektami z prawdziwego swiata. Kurs prowadzony jest przez ekspertów branzowych i jest odpowiedni zar,1445.0000,27
259,Zarzadzanie Projektami IT: Scrum i Agile,1056,Kurs Zarzadzanie Projektami IT: Scrum i Agile obejmuje wszystkie podstawowe i zaawansowane kwestie oraz zapewnia praktyczne doswiadczenie z projektami z prawdziwego swiata. Kurs prowadzony jest przez ekspertów branzowych i jest odpowiedni zarówno dla pocz,1565.0000,19
260,Projektowanie za Pomoca CSS,914,"Kurs Projektowanie za Pomoca CSS obejmuje wszystkie podstawowe i zaawansowane kwestie oraz zapewnia praktyczne doswiadczenie z projektami z prawdziwego swiata. Kurs prowadzony jest przez ekspertów branzowych i jest odpowiedni zarówno dla poczatkujacych, j",860.0000,20
261,Projektowanie Wnetrz: Estetyka i Funkcjo,631,Kurs Projektowanie Wnetrz: Estetyka i Funkcjonalnosc obejmuje wszystkie podstawowe i zaawansowane kwestie oraz zapewnia praktyczne doswiadczenie z projektami z prawdziwego swiata. Kurs prowadzony jest przez ekspertów branzowych i jest odpowiedni zarówno d,1090.0000,26
262,Podstawy Chmury Obliczeniowej,403,"Kurs Podstawy Chmury Obliczeniowej obejmuje wszystkie podstawowe i zaawansowane kwestie oraz zapewnia praktyczne doswiadczenie z projektami z prawdziwego swiata. Kurs prowadzony jest przez ekspertów branzowych i jest odpowiedni zarówno dla poczatkujacych,",590.0000,18
263,Astronomia dla Amatorów,952,"Kurs Astronomia dla Amatorów obejmuje wszystkie podstawowe i zaawansowane kwestie oraz zapewnia praktyczne doswiadczenie z projektami z prawdziwego swiata. Kurs prowadzony jest przez ekspertów branzowych i jest odpowiedni zarówno dla poczatkujacych, jak i",880.0000,37
264,Internet Rzeczy: Zastosowania,605,"Kurs Internet Rzeczy: Zastosowania obejmuje wszystkie podstawowe i zaawansowane kwestie oraz zapewnia praktyczne doswiadczenie z projektami z prawdziwego swiata. Kurs prowadzony jest przez ekspertów branzowych i jest odpowiedni zarówno dla poczatkujacych,",510.0000,32
265,Tworzenie Aplikacji Cross-platform: Flut,975,Kurs Tworzenie Aplikacji Cross-platform: Flutter i Xamarin obejmuje wszystkie podstawowe i zaawansowane kwestie oraz zapewnia praktyczne doswiadczenie z projektami z prawdziwego swiata. Kurs prowadzony jest przez ekspertów branzowych i jest odpowiedni zar,1189.0000,18
266,Pielegniarstwo: Podstawy Opieki Zdrowotn,1056,Kurs Pielegniarstwo: Podstawy Opieki Zdrowotnej obejmuje wszystkie podstawowe i zaawansowane kwestie oraz zapewnia praktyczne doswiadczenie z projektami z prawdziwego swiata. Kurs prowadzony jest przez ekspertów branzowych i jest odpowiedni zarówno dla po,1599.0000,30
267,Tworzenie Aplikacji Cross-platform: Flut,629,Kurs Tworzenie Aplikacji Cross-platform: Flutter i Xamarin obejmuje wszystkie podstawowe i zaawansowane kwestie oraz zapewnia praktyczne doswiadczenie z projektami z prawdziwego swiata. Kurs prowadzony jest przez ekspertów branzowych i jest odpowiedni zar,835.0000,18
268,Biochemia: Podstawy Zycia,580,"Kurs Biochemia: Podstawy Zycia obejmuje wszystkie podstawowe i zaawansowane kwestie oraz zapewnia praktyczne doswiadczenie z projektami z prawdziwego swiata. Kurs prowadzony jest przez ekspertów branzowych i jest odpowiedni zarówno dla poczatkujacych, jak",695.0000,20
269,Kryptowaluty: Handel i Inwestowanie,583,Kurs Kryptowaluty: Handel i Inwestowanie obejmuje wszystkie podstawowe i zaawansowane kwestie oraz zapewnia praktyczne doswiadczenie z projektami z prawdziwego swiata. Kurs prowadzony jest przez ekspertów branzowych i jest odpowiedni zarówno dla poczatkuj,1120.0000,25
270,Nanotechnologia: Od Teorii do Praktyki,1051,Kurs Nanotechnologia: Od Teorii do Praktyki obejmuje wszystkie podstawowe i zaawansowane kwestie oraz zapewnia praktyczne doswiadczenie z projektami z prawdziwego swiata. Kurs prowadzony jest przez ekspertów branzowych i jest odpowiedni zarówno dla poczat,1575.0000,30
271,Tworzenie Aplikacji Biznesowych: Busines,615,Kurs Tworzenie Aplikacji Biznesowych: Business Applications obejmuje wszystkie podstawowe i zaawansowane kwestie oraz zapewnia praktyczne doswiadczenie z projektami z prawdziwego swiata. Kurs prowadzony jest przez ekspertów branzowych i jest odpowiedni za,1149.0000,30
272,Medycyna: Anatomia i Diagnostyka,433,Kurs Medycyna: Anatomia i Diagnostyka obejmuje wszystkie podstawowe i zaawansowane kwestie oraz zapewnia praktyczne doswiadczenie z projektami z prawdziwego swiata. Kurs prowadzony jest przez ekspertów branzowych i jest odpowiedni zarówno dla poczatkujacy,919.0000,20
273,Zaawansowana Inzynieria Sieciowa,269,Kurs Zaawansowana Inzynieria Sieciowa obejmuje wszystkie podstawowe i zaawansowane kwestie oraz zapewnia praktyczne doswiadczenie z projektami z prawdziwego swiata. Kurs prowadzony jest przez ekspertów branzowych i jest odpowiedni zarówno dla poczatkujacy,969.0000,20
274,Biotechnologia: Podstawy i Aplikacje,269,Kurs Biotechnologia: Podstawy i Aplikacje obejmuje wszystkie podstawowe i zaawansowane kwestie oraz zapewnia praktyczne doswiadczenie z projektami z prawdziwego swiata. Kurs prowadzony jest przez ekspertów branzowych i jest odpowiedni zarówno dla poczatku,639.0000,25
275,Tworzenie Stron Internetowych,513,"Kurs Tworzenie Stron Internetowych obejmuje wszystkie podstawowe i zaawansowane kwestie oraz zapewnia praktyczne doswiadczenie z projektami z prawdziwego swiata. Kurs prowadzony jest przez ekspertów branzowych i jest odpowiedni zarówno dla poczatkujacych,",1539.0000,28
276,Architektura Krajobrazu: Kreowanie Przes,137,Kurs Architektura Krajobrazu: Kreowanie Przestrzeni obejmuje wszystkie podstawowe i zaawansowane kwestie oraz zapewnia praktyczne doswiadczenie z projektami z prawdziwego swiata. Kurs prowadzony jest przez ekspertów branzowych i jest odpowiedni zarówno dl,1020.0000,19
277,Fizjoterapia: Ruch i Rehabilitacja,914,Kurs Fizjoterapia: Ruch i Rehabilitacja obejmuje wszystkie podstawowe i zaawansowane kwestie oraz zapewnia praktyczne doswiadczenie z projektami z prawdziwego swiata. Kurs prowadzony jest przez ekspertów branzowych i jest odpowiedni zarówno dla poczatkuja,1120.0000,28
278,Programowanie Aspektowe: Spring i Aspect,852,Kurs Programowanie Aspektowe: Spring i AspectJ obejmuje wszystkie podstawowe i zaawansowane kwestie oraz zapewnia praktyczne doswiadczenie z projektami z prawdziwego swiata. Kurs prowadzony jest przez ekspertów branzowych i jest odpowiedni zarówno dla poc,530.0000,24
279,Zarzadzanie Incydentami Bezpieczenstwa,631,Kurs Zarzadzanie Incydentami Bezpieczenstwa obejmuje wszystkie podstawowe i zaawansowane kwestie oraz zapewnia praktyczne doswiadczenie z projektami z prawdziwego swiata. Kurs prowadzony jest przez ekspertów branzowych i jest odpowiedni zarówno dla poczat,1230.0000,37
280,Zdrowie Publiczne: Polityka i Strategie,531,Kurs Zdrowie Publiczne: Polityka i Strategie obejmuje wszystkie podstawowe i zaawansowane kwestie oraz zapewnia praktyczne doswiadczenie z projektami z prawdziwego swiata. Kurs prowadzony jest przez ekspertów branzowych i jest odpowiedni zarówno dla pocza,1459.0000,21
